1###I,1260, 1302, 1913, 1955, 2559, 2601
1###II,1260, 1302, 1913, 1955, 2559, 2601
1###III,1260, 1302, 1913, 1955, 2559, 2601
1###AVR,1260, 1302, 1913, 1955, 2559, 2601
1###AVL,1260, 1302, 1913, 1955, 2559, 2601
1###AVF,1260, 1302, 1913, 1955, 2559, 2601
1###V1,1260, 1302, 1913, 1955, 2559, 2601
1###V2,1260, 1302, 1913, 1955, 2559, 2601
1###V3,1260, 1302, 1913, 1955, 2559, 2601
1###V4,1260, 1302, 1913, 1955, 2559, 2601
1###V5,1260, 1302, 1913, 1955, 2559, 2601
1###V6,1260, 1302, 1913, 1955, 2559, 2601
10###I,1072, 1130, 1555, 1610, 2031, 2086
10###II,1072, 1130, 1555, 1610, 2031, 2086
10###III,1072, 1130, 1555, 1610, 2031, 2086
10###AVR,1072, 1130, 1555, 1610, 2031, 2086
10###AVL,1072, 1130, 1555, 1610, 2031, 2086
10###AVF,1072, 1130, 1555, 1610, 2031, 2086
10###V1,1072, 1130, 1555, 1610, 2031, 2086
10###V2,1072, 1130, 1555, 1610, 2031, 2086
10###V3,1072, 1130, 1555, 1610, 2031, 2086
10###V4,1072, 1130, 1555, 1610, 2031, 2086
10###V5,1072, 1130, 1555, 1610, 2031, 2086
10###V6,1072, 1130, 1555, 1610, 2031, 2086
100###I,976, 1038, 1426, 1488, 1873, 1931
100###II,976, 1038, 1426, 1488, 1873, 1931
100###III,976, 1038, 1426, 1488, 1873, 1931
100###AVR,976, 1038, 1426, 1488, 1873, 1931
100###AVL,976, 1038, 1426, 1488, 1873, 1931
100###AVF,976, 1038, 1426, 1488, 1873, 1931
100###V1,976, 1038, 1426, 1488, 1873, 1931
100###V2,976, 1038, 1426, 1488, 1873, 1931
100###V3,976, 1038, 1426, 1488, 1873, 1931
100###V4,976, 1038, 1426, 1488, 1873, 1931
100###V5,976, 1038, 1426, 1488, 1873, 1931
100###V6,976, 1038, 1426, 1488, 1873, 1931
102###I,1109, 1185, 1563, 1635, 2028, 2097
102###II,1109, 1185, 1563, 1635, 2028, 2097
102###III,1109, 1185, 1563, 1635, 2028, 2097
102###AVR,1109, 1185, 1563, 1635, 2028, 2097
102###AVL,1109, 1185, 1563, 1635, 2028, 2097
102###AVF,1109, 1185, 1563, 1635, 2028, 2097
102###V1,1109, 1185, 1563, 1635, 2028, 2097
102###V2,1109, 1185, 1563, 1635, 2028, 2097
102###V3,1109, 1185, 1563, 1635, 2028, 2097
102###V4,1109, 1185, 1563, 1635, 2028, 2097
102###V5,1109, 1185, 1563, 1635, 2028, 2097
102###V6,1109, 1185, 1563, 1635, 2028, 2097
104###I,581, 646, 1039, 1097, 1500, 1562
104###II,581, 646, 1039, 1097, 1500, 1562
104###III,581, 646, 1039, 1097, 1500, 1562
104###AVR,581, 646, 1039, 1097, 1500, 1562
104###AVL,581, 646, 1039, 1097, 1500, 1562
104###AVF,581, 646, 1039, 1097, 1500, 1562
104###V1,581, 646, 1039, 1097, 1500, 1562
104###V2,581, 646, 1039, 1097, 1500, 1562
104###V3,581, 646, 1039, 1097, 1500, 1562
104###V4,581, 646, 1039, 1097, 1500, 1562
104###V5,581, 646, 1039, 1097, 1500, 1562
104###V6,581, 646, 1039, 1097, 1500, 1562
105###I,1308, 1362
105###II,1308, 1362
105###III,1308, 1362
105###AVR,1308, 1362
105###AVL,1308, 1362
105###AVF,1308, 1362
105###V1,1308, 1362
105###V2,1308, 1362
105###V3,1308, 1362
105###V4,1308, 1362
105###V5,1308, 1362
105###V6,1308, 1362
106###I,795, 857, 1142, 1207
106###II,795, 857, 1142, 1207
106###III,795, 857, 1142, 1207
106###AVR,795, 857, 1142, 1207
106###AVL,795, 857, 1142, 1207
106###AVF,795, 857, 1142, 1207
106###V1,795, 857, 1142, 1207
106###V2,795, 857, 1142, 1207
106###V3,795, 857, 1142, 1207
106###V4,795, 857, 1142, 1207
106###V5,795, 857, 1142, 1207
106###V6,795, 857, 1142, 1207
107###I,562, 628, 1049, 1117, 1541, 1612
107###II,562, 628, 1049, 1117, 1541, 1612
107###III,562, 628, 1049, 1117, 1541, 1612
107###AVR,562, 628, 1049, 1117, 1541, 1612
107###AVL,562, 628, 1049, 1117, 1541, 1612
107###AVF,562, 628, 1049, 1117, 1541, 1612
107###V1,562, 628, 1049, 1117, 1541, 1612
107###V2,562, 628, 1049, 1117, 1541, 1612
107###V3,562, 628, 1049, 1117, 1541, 1612
107###V4,562, 628, 1049, 1117, 1541, 1612
107###V5,562, 628, 1049, 1117, 1541, 1612
107###V6,562, 628, 1049, 1117, 1541, 1612
108###I,810, 869, 1180, 1246, 1557, 1618
108###II,810, 869, 1180, 1246, 1557, 1618
108###III,810, 869, 1180, 1246, 1557, 1618
108###AVR,810, 869, 1180, 1246, 1557, 1618
108###AVL,810, 869, 1180, 1246, 1557, 1618
108###AVF,810, 869, 1180, 1246, 1557, 1618
108###V1,810, 869, 1180, 1246, 1557, 1618
108###V2,810, 869, 1180, 1246, 1557, 1618
108###V3,810, 869, 1180, 1246, 1557, 1618
108###V4,810, 869, 1180, 1246, 1557, 1618
108###V5,810, 869, 1180, 1246, 1557, 1618
108###V6,810, 869, 1180, 1246, 1557, 1618
11###I,1196, 1254, 1708, 1763, 2207, 2263
11###II,1196, 1254, 1708, 1763, 2207, 2263
11###III,1196, 1254, 1708, 1763, 2207, 2263
11###AVR,1196, 1254, 1708, 1763, 2207, 2263
11###AVL,1196, 1254, 1708, 1763, 2207, 2263
11###AVF,1196, 1254, 1708, 1763, 2207, 2263
11###V1,1196, 1254, 1708, 1763, 2207, 2263
11###V2,1196, 1254, 1708, 1763, 2207, 2263
11###V3,1196, 1254, 1708, 1763, 2207, 2263
11###V4,1196, 1254, 1708, 1763, 2207, 2263
11###V5,1196, 1254, 1708, 1763, 2207, 2263
11###V6,1196, 1254, 1708, 1763, 2207, 2263
113###I,762, 817, 1255, 1310, 1764, 1826
113###II,762, 817, 1255, 1310, 1764, 1826
113###III,762, 817, 1255, 1310, 1764, 1826
113###AVR,762, 817, 1255, 1310, 1764, 1826
113###AVL,762, 817, 1255, 1310, 1764, 1826
113###AVF,762, 817, 1255, 1310, 1764, 1826
113###V1,762, 817, 1255, 1310, 1764, 1826
113###V2,762, 817, 1255, 1310, 1764, 1826
113###V3,762, 817, 1255, 1310, 1764, 1826
113###V4,762, 817, 1255, 1310, 1764, 1826
113###V5,762, 817, 1255, 1310, 1764, 1826
113###V6,762, 817, 1255, 1310, 1764, 1826
114###I,665, 722, 999, 1055, 1335, 1385
114###II,665, 722, 999, 1055, 1335, 1385
114###III,665, 722, 999, 1055, 1335, 1385
114###AVR,665, 722, 999, 1055, 1335, 1385
114###AVL,665, 722, 999, 1055, 1335, 1385
114###AVF,665, 722, 999, 1055, 1335, 1385
114###V1,665, 722, 999, 1055, 1335, 1385
114###V2,665, 722, 999, 1055, 1335, 1385
114###V3,665, 722, 999, 1055, 1335, 1385
114###V4,665, 722, 999, 1055, 1335, 1385
114###V5,665, 722, 999, 1055, 1335, 1385
114###V6,665, 722, 999, 1055, 1335, 1385
115###I,848, 895, 1386, 1435, 1935, 1987
115###II,848, 895, 1386, 1435, 1935, 1987
115###III,848, 895, 1386, 1435, 1935, 1987
115###AVR,848, 895, 1386, 1435, 1935, 1987
115###AVL,848, 895, 1386, 1435, 1935, 1987
115###AVF,848, 895, 1386, 1435, 1935, 1987
115###V1,848, 895, 1386, 1435, 1935, 1987
115###V2,848, 895, 1386, 1435, 1935, 1987
115###V3,848, 895, 1386, 1435, 1935, 1987
115###V4,848, 895, 1386, 1435, 1935, 1987
115###V5,848, 895, 1386, 1435, 1935, 1987
115###V6,848, 895, 1386, 1435, 1935, 1987
116###I,850, 910, 1182, 1240, 1517, 1572
116###II,850, 910, 1182, 1240, 1517, 1572
116###III,850, 910, 1182, 1240, 1517, 1572
116###AVR,850, 910, 1182, 1240, 1517, 1572
116###AVL,850, 910, 1182, 1240, 1517, 1572
116###AVF,850, 910, 1182, 1240, 1517, 1572
116###V1,850, 910, 1182, 1240, 1517, 1572
116###V2,850, 910, 1182, 1240, 1517, 1572
116###V3,850, 910, 1182, 1240, 1517, 1572
116###V4,850, 910, 1182, 1240, 1517, 1572
116###V5,850, 910, 1182, 1240, 1517, 1572
116###V6,850, 910, 1182, 1240, 1517, 1572
117###I,818, 865, 1146, 1195, 1472, 1516
117###II,818, 865, 1146, 1195, 1472, 1516
117###III,818, 865, 1146, 1195, 1472, 1516
117###AVR,818, 865, 1146, 1195, 1472, 1516
117###AVL,818, 865, 1146, 1195, 1472, 1516
117###AVF,818, 865, 1146, 1195, 1472, 1516
117###V1,818, 865, 1146, 1195, 1472, 1516
117###V2,818, 865, 1146, 1195, 1472, 1516
117###V3,818, 865, 1146, 1195, 1472, 1516
117###V4,818, 865, 1146, 1195, 1472, 1516
117###V5,818, 865, 1146, 1195, 1472, 1516
117###V6,818, 865, 1146, 1195, 1472, 1516
118###I,786, 845, 1253, 1308, 1698, 1757
118###II,786, 845, 1253, 1308, 1698, 1757
118###III,786, 845, 1253, 1308, 1698, 1757
118###AVR,786, 845, 1253, 1308, 1698, 1757
118###AVL,786, 845, 1253, 1308, 1698, 1757
118###AVF,786, 845, 1253, 1308, 1698, 1757
118###V1,786, 845, 1253, 1308, 1698, 1757
118###V2,786, 845, 1253, 1308, 1698, 1757
118###V3,786, 845, 1253, 1308, 1698, 1757
118###V4,786, 845, 1253, 1308, 1698, 1757
118###V5,786, 845, 1253, 1308, 1698, 1757
118###V6,786, 845, 1253, 1308, 1698, 1757
119###I,1068, 1123, 1557, 1606, 2044, 2106
119###II,1068, 1123, 1557, 1606, 2044, 2106
119###III,1068, 1123, 1557, 1606, 2044, 2106
119###AVR,1068, 1123, 1557, 1606, 2044, 2106
119###AVL,1068, 1123, 1557, 1606, 2044, 2106
119###AVF,1068, 1123, 1557, 1606, 2044, 2106
119###V1,1068, 1123, 1557, 1606, 2044, 2106
119###V2,1068, 1123, 1557, 1606, 2044, 2106
119###V3,1068, 1123, 1557, 1606, 2044, 2106
119###V4,1068, 1123, 1557, 1606, 2044, 2106
119###V5,1068, 1123, 1557, 1606, 2044, 2106
119###V6,1068, 1123, 1557, 1606, 2044, 2106
12###I,699, 746, 1263, 1298, 1807, 1848
12###II,699, 746, 1263, 1298, 1807, 1848
12###III,699, 746, 1263, 1298, 1807, 1848
12###AVR,699, 746, 1263, 1298, 1807, 1848
12###AVL,699, 746, 1263, 1298, 1807, 1848
12###AVF,699, 746, 1263, 1298, 1807, 1848
12###V1,699, 746, 1263, 1298, 1807, 1848
12###V2,699, 746, 1263, 1298, 1807, 1848
12###V3,699, 746, 1263, 1298, 1807, 1848
12###V4,699, 746, 1263, 1298, 1807, 1848
12###V5,699, 746, 1263, 1298, 1807, 1848
12###V6,699, 746, 1263, 1298, 1807, 1848
120###I,691, 773, 1200, 1282, 1722, 1800
120###II,691, 773, 1200, 1282, 1722, 1800
120###III,691, 773, 1200, 1282, 1722, 1800
120###AVR,691, 773, 1200, 1282, 1722, 1800
120###AVL,691, 773, 1200, 1282, 1722, 1800
120###AVF,691, 773, 1200, 1282, 1722, 1800
120###V1,691, 773, 1200, 1282, 1722, 1800
120###V2,691, 773, 1200, 1282, 1722, 1800
120###V3,691, 773, 1200, 1282, 1722, 1800
120###V4,691, 773, 1200, 1282, 1722, 1800
120###V5,691, 773, 1200, 1282, 1722, 1800
120###V6,691, 773, 1200, 1282, 1722, 1800
121###I,856, 908, 1168, 1214, 1482, 1526
121###II,856, 908, 1168, 1214, 1482, 1526
121###III,856, 908, 1168, 1214, 1482, 1526
121###AVR,856, 908, 1168, 1214, 1482, 1526
121###AVL,856, 908, 1168, 1214, 1482, 1526
121###AVF,856, 908, 1168, 1214, 1482, 1526
121###V1,856, 908, 1168, 1214, 1482, 1526
121###V2,856, 908, 1168, 1214, 1482, 1526
121###V3,856, 908, 1168, 1214, 1482, 1526
121###V4,856, 908, 1168, 1214, 1482, 1526
121###V5,856, 908, 1168, 1214, 1482, 1526
121###V6,856, 908, 1168, 1214, 1482, 1526
122###I,844, 899, 1293, 1346, 1762, 1814
122###II,844, 899, 1293, 1346, 1762, 1814
122###III,844, 899, 1293, 1346, 1762, 1814
122###AVR,844, 899, 1293, 1346, 1762, 1814
122###AVL,844, 899, 1293, 1346, 1762, 1814
122###AVF,844, 899, 1293, 1346, 1762, 1814
122###V1,844, 899, 1293, 1346, 1762, 1814
122###V2,844, 899, 1293, 1346, 1762, 1814
122###V3,844, 899, 1293, 1346, 1762, 1814
122###V4,844, 899, 1293, 1346, 1762, 1814
122###V5,844, 899, 1293, 1346, 1762, 1814
122###V6,844, 899, 1293, 1346, 1762, 1814
123###I,860, 918, 1329, 1393, 1772, 1834
123###II,860, 918, 1329, 1393, 1772, 1834
123###III,860, 918, 1329, 1393, 1772, 1834
123###AVR,860, 918, 1329, 1393, 1772, 1834
123###AVL,860, 918, 1329, 1393, 1772, 1834
123###AVF,860, 918, 1329, 1393, 1772, 1834
123###V1,860, 918, 1329, 1393, 1772, 1834
123###V2,860, 918, 1329, 1393, 1772, 1834
123###V3,860, 918, 1329, 1393, 1772, 1834
123###V4,860, 918, 1329, 1393, 1772, 1834
123###V5,860, 918, 1329, 1393, 1772, 1834
123###V6,860, 918, 1329, 1393, 1772, 1834
124###I,1468, 1540, 1996, 2068, 2504, 2583
124###II,1468, 1540, 1996, 2068, 2504, 2583
124###III,1468, 1540, 1996, 2068, 2504, 2583
124###AVR,1468, 1540, 1996, 2068, 2504, 2583
124###AVL,1468, 1540, 1996, 2068, 2504, 2583
124###AVF,1468, 1540, 1996, 2068, 2504, 2583
124###V1,1468, 1540, 1996, 2068, 2504, 2583
124###V2,1468, 1540, 1996, 2068, 2504, 2583
124###V3,1468, 1540, 1996, 2068, 2504, 2583
124###V4,1468, 1540, 1996, 2068, 2504, 2583
124###V5,1468, 1540, 1996, 2068, 2504, 2583
124###V6,1468, 1540, 1996, 2068, 2504, 2583
125###I,1721, 1796
125###II,1721, 1796
125###III,1721, 1796
125###AVR,1721, 1796
125###AVL,1721, 1796
125###AVF,1721, 1796
125###V1,1721, 1796
125###V2,1721, 1796
125###V3,1721, 1796
125###V4,1721, 1796
125###V5,1721, 1796
125###V6,1721, 1796
126###I,1462, 1526, 1902, 1964, 2334, 2398
126###II,1462, 1526, 1902, 1964, 2334, 2398
126###III,1462, 1526, 1902, 1964, 2334, 2398
126###AVR,1462, 1526, 1902, 1964, 2334, 2398
126###AVL,1462, 1526, 1902, 1964, 2334, 2398
126###AVF,1462, 1526, 1902, 1964, 2334, 2398
126###V1,1462, 1526, 1902, 1964, 2334, 2398
126###V2,1462, 1526, 1902, 1964, 2334, 2398
126###V3,1462, 1526, 1902, 1964, 2334, 2398
126###V4,1462, 1526, 1902, 1964, 2334, 2398
126###V5,1462, 1526, 1902, 1964, 2334, 2398
126###V6,1462, 1526, 1902, 1964, 2334, 2398
127###I,1279, 1327, 2028, 2078, 2778, 2831
127###II,1279, 1327, 2028, 2078, 2778, 2831
127###III,1279, 1327, 2028, 2078, 2778, 2831
127###AVR,1279, 1327, 2028, 2078, 2778, 2831
127###AVL,1279, 1327, 2028, 2078, 2778, 2831
127###AVF,1279, 1327, 2028, 2078, 2778, 2831
127###V1,1279, 1327, 2028, 2078, 2778, 2831
127###V2,1279, 1327, 2028, 2078, 2778, 2831
127###V3,1279, 1327, 2028, 2078, 2778, 2831
127###V4,1279, 1327, 2028, 2078, 2778, 2831
127###V5,1279, 1327, 2028, 2078, 2778, 2831
127###V6,1279, 1327, 2028, 2078, 2778, 2831
128###I,1194, 1247, 1773, 1825, 2358, 2415
128###II,1194, 1247, 1773, 1825, 2358, 2415
128###III,1194, 1247, 1773, 1825, 2358, 2415
128###AVR,1194, 1247, 1773, 1825, 2358, 2415
128###AVL,1194, 1247, 1773, 1825, 2358, 2415
128###AVF,1194, 1247, 1773, 1825, 2358, 2415
128###V1,1194, 1247, 1773, 1825, 2358, 2415
128###V2,1194, 1247, 1773, 1825, 2358, 2415
128###V3,1194, 1247, 1773, 1825, 2358, 2415
128###V4,1194, 1247, 1773, 1825, 2358, 2415
128###V5,1194, 1247, 1773, 1825, 2358, 2415
128###V6,1194, 1247, 1773, 1825, 2358, 2415
13###I,1279, 1352, 1791, 1875, 2305, 2377
13###II,1279, 1352, 1791, 1875, 2305, 2377
13###III,1279, 1352, 1791, 1875, 2305, 2377
13###AVR,1279, 1352, 1791, 1875, 2305, 2377
13###AVL,1279, 1352, 1791, 1875, 2305, 2377
13###AVF,1279, 1352, 1791, 1875, 2305, 2377
13###V1,1279, 1352, 1791, 1875, 2305, 2377
13###V2,1279, 1352, 1791, 1875, 2305, 2377
13###V3,1279, 1352, 1791, 1875, 2305, 2377
13###V4,1279, 1352, 1791, 1875, 2305, 2377
13###V5,1279, 1352, 1791, 1875, 2305, 2377
13###V6,1279, 1352, 1791, 1875, 2305, 2377
131###I,1230, 1294, 1686, 1752, 2150, 2217
131###II,1230, 1294, 1686, 1752, 2150, 2217
131###III,1230, 1294, 1686, 1752, 2150, 2217
131###AVR,1230, 1294, 1686, 1752, 2150, 2217
131###AVL,1230, 1294, 1686, 1752, 2150, 2217
131###AVF,1230, 1294, 1686, 1752, 2150, 2217
131###V1,1230, 1294, 1686, 1752, 2150, 2217
131###V2,1230, 1294, 1686, 1752, 2150, 2217
131###V3,1230, 1294, 1686, 1752, 2150, 2217
131###V4,1230, 1294, 1686, 1752, 2150, 2217
131###V5,1230, 1294, 1686, 1752, 2150, 2217
131###V6,1230, 1294, 1686, 1752, 2150, 2217
132###I,575, 643, 1160, 1229, 1610, 1673
132###II,575, 643, 1160, 1229, 1610, 1673
132###III,575, 643, 1160, 1229, 1610, 1673
132###AVR,575, 643, 1160, 1229, 1610, 1673
132###AVL,575, 643, 1160, 1229, 1610, 1673
132###AVF,575, 643, 1160, 1229, 1610, 1673
132###V1,575, 643, 1160, 1229, 1610, 1673
132###V2,575, 643, 1160, 1229, 1610, 1673
132###V3,575, 643, 1160, 1229, 1610, 1673
132###V4,575, 643, 1160, 1229, 1610, 1673
132###V5,575, 643, 1160, 1229, 1610, 1673
132###V6,575, 643, 1160, 1229, 1610, 1673
133###I,666, 727, 1252, 1313, 1829, 1891
133###II,666, 727, 1252, 1313, 1829, 1891
133###III,666, 727, 1252, 1313, 1829, 1891
133###AVR,666, 727, 1252, 1313, 1829, 1891
133###AVL,666, 727, 1252, 1313, 1829, 1891
133###AVF,666, 727, 1252, 1313, 1829, 1891
133###V1,666, 727, 1252, 1313, 1829, 1891
133###V2,666, 727, 1252, 1313, 1829, 1891
133###V3,666, 727, 1252, 1313, 1829, 1891
133###V4,666, 727, 1252, 1313, 1829, 1891
133###V5,666, 727, 1252, 1313, 1829, 1891
133###V6,666, 727, 1252, 1313, 1829, 1891
134###I,839, 905, 1444, 1515, 2039, 2103
134###II,839, 905, 1444, 1515, 2039, 2103
134###III,839, 905, 1444, 1515, 2039, 2103
134###AVR,839, 905, 1444, 1515, 2039, 2103
134###AVL,839, 905, 1444, 1515, 2039, 2103
134###AVF,839, 905, 1444, 1515, 2039, 2103
134###V1,839, 905, 1444, 1515, 2039, 2103
134###V2,839, 905, 1444, 1515, 2039, 2103
134###V3,839, 905, 1444, 1515, 2039, 2103
134###V4,839, 905, 1444, 1515, 2039, 2103
134###V5,839, 905, 1444, 1515, 2039, 2103
134###V6,839, 905, 1444, 1515, 2039, 2103
135###I,776, 831, 1236, 1289, 1686, 1738
135###II,776, 831, 1236, 1289, 1686, 1738
135###III,776, 831, 1236, 1289, 1686, 1738
135###AVR,776, 831, 1236, 1289, 1686, 1738
135###AVL,776, 831, 1236, 1289, 1686, 1738
135###AVF,776, 831, 1236, 1289, 1686, 1738
135###V1,776, 831, 1236, 1289, 1686, 1738
135###V2,776, 831, 1236, 1289, 1686, 1738
135###V3,776, 831, 1236, 1289, 1686, 1738
135###V4,776, 831, 1236, 1289, 1686, 1738
135###V5,776, 831, 1236, 1289, 1686, 1738
135###V6,776, 831, 1236, 1289, 1686, 1738
136###I,586, 643, 928, 985, 1301, 1352
136###II,586, 643, 928, 985, 1301, 1352
136###III,586, 643, 928, 985, 1301, 1352
136###AVR,586, 643, 928, 985, 1301, 1352
136###AVL,586, 643, 928, 985, 1301, 1352
136###AVF,586, 643, 928, 985, 1301, 1352
136###V1,586, 643, 928, 985, 1301, 1352
136###V2,586, 643, 928, 985, 1301, 1352
136###V3,586, 643, 928, 985, 1301, 1352
136###V4,586, 643, 928, 985, 1301, 1352
136###V5,586, 643, 928, 985, 1301, 1352
136###V6,586, 643, 928, 985, 1301, 1352
137###I,704, 755, 1167, 1213, 1625, 1682
137###II,704, 755, 1167, 1213, 1625, 1682
137###III,704, 755, 1167, 1213, 1625, 1682
137###AVR,704, 755, 1167, 1213, 1625, 1682
137###AVL,704, 755, 1167, 1213, 1625, 1682
137###AVF,704, 755, 1167, 1213, 1625, 1682
137###V1,704, 755, 1167, 1213, 1625, 1682
137###V2,704, 755, 1167, 1213, 1625, 1682
137###V3,704, 755, 1167, 1213, 1625, 1682
137###V4,704, 755, 1167, 1213, 1625, 1682
137###V5,704, 755, 1167, 1213, 1625, 1682
137###V6,704, 755, 1167, 1213, 1625, 1682
138###I,651, 706, 1131, 1173, 1605, 1653
138###II,651, 706, 1131, 1173, 1605, 1653
138###III,651, 706, 1131, 1173, 1605, 1653
138###AVR,651, 706, 1131, 1173, 1605, 1653
138###AVL,651, 706, 1131, 1173, 1605, 1653
138###AVF,651, 706, 1131, 1173, 1605, 1653
138###V1,651, 706, 1131, 1173, 1605, 1653
138###V2,651, 706, 1131, 1173, 1605, 1653
138###V3,651, 706, 1131, 1173, 1605, 1653
138###V4,651, 706, 1131, 1173, 1605, 1653
138###V5,651, 706, 1131, 1173, 1605, 1653
138###V6,651, 706, 1131, 1173, 1605, 1653
139###I,515, 567, 915, 976, 1341, 1405
139###II,515, 567, 915, 976, 1341, 1405
139###III,515, 567, 915, 976, 1341, 1405
139###AVR,515, 567, 915, 976, 1341, 1405
139###AVL,515, 567, 915, 976, 1341, 1405
139###AVF,515, 567, 915, 976, 1341, 1405
139###V1,515, 567, 915, 976, 1341, 1405
139###V2,515, 567, 915, 976, 1341, 1405
139###V3,515, 567, 915, 976, 1341, 1405
139###V4,515, 567, 915, 976, 1341, 1405
139###V5,515, 567, 915, 976, 1341, 1405
139###V6,515, 567, 915, 976, 1341, 1405
14###I,421, 478, 783, 844, 1147, 1202
14###II,421, 478, 783, 844, 1147, 1202
14###III,421, 478, 783, 844, 1147, 1202
14###AVR,421, 478, 783, 844, 1147, 1202
14###AVL,421, 478, 783, 844, 1147, 1202
14###AVF,421, 478, 783, 844, 1147, 1202
14###V1,421, 478, 783, 844, 1147, 1202
14###V2,421, 478, 783, 844, 1147, 1202
14###V3,421, 478, 783, 844, 1147, 1202
14###V4,421, 478, 783, 844, 1147, 1202
14###V5,421, 478, 783, 844, 1147, 1202
14###V6,421, 478, 783, 844, 1147, 1202
140###I,517, 560, 903, 947, 1292, 1334
140###II,517, 560, 903, 947, 1292, 1334
140###III,517, 560, 903, 947, 1292, 1334
140###AVR,517, 560, 903, 947, 1292, 1334
140###AVL,517, 560, 903, 947, 1292, 1334
140###AVF,517, 560, 903, 947, 1292, 1334
140###V1,517, 560, 903, 947, 1292, 1334
140###V2,517, 560, 903, 947, 1292, 1334
140###V3,517, 560, 903, 947, 1292, 1334
140###V4,517, 560, 903, 947, 1292, 1334
140###V5,517, 560, 903, 947, 1292, 1334
140###V6,517, 560, 903, 947, 1292, 1334
141###I,132, 189, 620, 679, 1098, 1150
141###II,132, 189, 620, 679, 1098, 1150
141###III,132, 189, 620, 679, 1098, 1150
141###AVR,132, 189, 620, 679, 1098, 1150
141###AVL,132, 189, 620, 679, 1098, 1150
141###AVF,132, 189, 620, 679, 1098, 1150
141###V1,132, 189, 620, 679, 1098, 1150
141###V2,132, 189, 620, 679, 1098, 1150
141###V3,132, 189, 620, 679, 1098, 1150
141###V4,132, 189, 620, 679, 1098, 1150
141###V5,132, 189, 620, 679, 1098, 1150
141###V6,132, 189, 620, 679, 1098, 1150
142###I,452, 496, 843, 889, 1236, 1282
142###II,452, 496, 843, 889, 1236, 1282
142###III,452, 496, 843, 889, 1236, 1282
142###AVR,452, 496, 843, 889, 1236, 1282
142###AVL,452, 496, 843, 889, 1236, 1282
142###AVF,452, 496, 843, 889, 1236, 1282
142###V1,452, 496, 843, 889, 1236, 1282
142###V2,452, 496, 843, 889, 1236, 1282
142###V3,452, 496, 843, 889, 1236, 1282
142###V4,452, 496, 843, 889, 1236, 1282
142###V5,452, 496, 843, 889, 1236, 1282
142###V6,452, 496, 843, 889, 1236, 1282
143###I,360, 408, 700, 744, 1037, 1083
143###II,360, 408, 700, 744, 1037, 1083
143###III,360, 408, 700, 744, 1037, 1083
143###AVR,360, 408, 700, 744, 1037, 1083
143###AVL,360, 408, 700, 744, 1037, 1083
143###AVF,360, 408, 700, 744, 1037, 1083
143###V1,360, 408, 700, 744, 1037, 1083
143###V2,360, 408, 700, 744, 1037, 1083
143###V3,360, 408, 700, 744, 1037, 1083
143###V4,360, 408, 700, 744, 1037, 1083
143###V5,360, 408, 700, 744, 1037, 1083
143###V6,360, 408, 700, 744, 1037, 1083
144###I,975, 1025, 1442, 1495, 1934, 1984
144###II,975, 1025, 1442, 1495, 1934, 1984
144###III,975, 1025, 1442, 1495, 1934, 1984
144###AVR,975, 1025, 1442, 1495, 1934, 1984
144###AVL,975, 1025, 1442, 1495, 1934, 1984
144###AVF,975, 1025, 1442, 1495, 1934, 1984
144###V1,975, 1025, 1442, 1495, 1934, 1984
144###V2,975, 1025, 1442, 1495, 1934, 1984
144###V3,975, 1025, 1442, 1495, 1934, 1984
144###V4,975, 1025, 1442, 1495, 1934, 1984
144###V5,975, 1025, 1442, 1495, 1934, 1984
144###V6,975, 1025, 1442, 1495, 1934, 1984
145###I,1037, 1079, 1469, 1513, 1934, 1977
145###II,1037, 1079, 1469, 1513, 1934, 1977
145###III,1037, 1079, 1469, 1513, 1934, 1977
145###AVR,1037, 1079, 1469, 1513, 1934, 1977
145###AVL,1037, 1079, 1469, 1513, 1934, 1977
145###AVF,1037, 1079, 1469, 1513, 1934, 1977
145###V1,1037, 1079, 1469, 1513, 1934, 1977
145###V2,1037, 1079, 1469, 1513, 1934, 1977
145###V3,1037, 1079, 1469, 1513, 1934, 1977
145###V4,1037, 1079, 1469, 1513, 1934, 1977
145###V5,1037, 1079, 1469, 1513, 1934, 1977
145###V6,1037, 1079, 1469, 1513, 1934, 1977
146###I,1113, 1159, 1672, 1718, 2197, 2246
146###II,1113, 1159, 1672, 1718, 2197, 2246
146###III,1113, 1159, 1672, 1718, 2197, 2246
146###AVR,1113, 1159, 1672, 1718, 2197, 2246
146###AVL,1113, 1159, 1672, 1718, 2197, 2246
146###AVF,1113, 1159, 1672, 1718, 2197, 2246
146###V1,1113, 1159, 1672, 1718, 2197, 2246
146###V2,1113, 1159, 1672, 1718, 2197, 2246
146###V3,1113, 1159, 1672, 1718, 2197, 2246
146###V4,1113, 1159, 1672, 1718, 2197, 2246
146###V5,1113, 1159, 1672, 1718, 2197, 2246
146###V6,1113, 1159, 1672, 1718, 2197, 2246
147###I,1035, 1088, 1534, 1589, 2034, 2091
147###II,1035, 1088, 1534, 1589, 2034, 2091
147###III,1035, 1088, 1534, 1589, 2034, 2091
147###AVR,1035, 1088, 1534, 1589, 2034, 2091
147###AVL,1035, 1088, 1534, 1589, 2034, 2091
147###AVF,1035, 1088, 1534, 1589, 2034, 2091
147###V1,1035, 1088, 1534, 1589, 2034, 2091
147###V2,1035, 1088, 1534, 1589, 2034, 2091
147###V3,1035, 1088, 1534, 1589, 2034, 2091
147###V4,1035, 1088, 1534, 1589, 2034, 2091
147###V5,1035, 1088, 1534, 1589, 2034, 2091
147###V6,1035, 1088, 1534, 1589, 2034, 2091
148###I,935, 983, 1368, 1423, 1802, 1852
148###II,935, 983, 1368, 1423, 1802, 1852
148###III,935, 983, 1368, 1423, 1802, 1852
148###AVR,935, 983, 1368, 1423, 1802, 1852
148###AVL,935, 983, 1368, 1423, 1802, 1852
148###AVF,935, 983, 1368, 1423, 1802, 1852
148###V1,935, 983, 1368, 1423, 1802, 1852
148###V2,935, 983, 1368, 1423, 1802, 1852
148###V3,935, 983, 1368, 1423, 1802, 1852
148###V4,935, 983, 1368, 1423, 1802, 1852
148###V5,935, 983, 1368, 1423, 1802, 1852
148###V6,935, 983, 1368, 1423, 1802, 1852
149###I,1029, 1077, 1473, 1521, 1909, 1962
149###II,1029, 1077, 1473, 1521, 1909, 1962
149###III,1029, 1077, 1473, 1521, 1909, 1962
149###AVR,1029, 1077, 1473, 1521, 1909, 1962
149###AVL,1029, 1077, 1473, 1521, 1909, 1962
149###AVF,1029, 1077, 1473, 1521, 1909, 1962
149###V1,1029, 1077, 1473, 1521, 1909, 1962
149###V2,1029, 1077, 1473, 1521, 1909, 1962
149###V3,1029, 1077, 1473, 1521, 1909, 1962
149###V4,1029, 1077, 1473, 1521, 1909, 1962
149###V5,1029, 1077, 1473, 1521, 1909, 1962
149###V6,1029, 1077, 1473, 1521, 1909, 1962
15###I,235, 308, 734, 809, 1205, 1280
15###II,235, 308, 734, 809, 1205, 1280
15###III,235, 308, 734, 809, 1205, 1280
15###AVR,235, 308, 734, 809, 1205, 1280
15###AVL,235, 308, 734, 809, 1205, 1280
15###AVF,235, 308, 734, 809, 1205, 1280
15###V1,235, 308, 734, 809, 1205, 1280
15###V2,235, 308, 734, 809, 1205, 1280
15###V3,235, 308, 734, 809, 1205, 1280
15###V4,235, 308, 734, 809, 1205, 1280
15###V5,235, 308, 734, 809, 1205, 1280
15###V6,235, 308, 734, 809, 1205, 1280
150###I,371, 422, 843, 893, 1339, 1387
150###II,371, 422, 843, 893, 1339, 1387
150###III,371, 422, 843, 893, 1339, 1387
150###AVR,371, 422, 843, 893, 1339, 1387
150###AVL,371, 422, 843, 893, 1339, 1387
150###AVF,371, 422, 843, 893, 1339, 1387
150###V1,371, 422, 843, 893, 1339, 1387
150###V2,371, 422, 843, 893, 1339, 1387
150###V3,371, 422, 843, 893, 1339, 1387
150###V4,371, 422, 843, 893, 1339, 1387
150###V5,371, 422, 843, 893, 1339, 1387
150###V6,371, 422, 843, 893, 1339, 1387
151###I,479, 536, 874, 931, 1290, 1354
151###II,479, 536, 874, 931, 1290, 1354
151###III,479, 536, 874, 931, 1290, 1354
151###AVR,479, 536, 874, 931, 1290, 1354
151###AVL,479, 536, 874, 931, 1290, 1354
151###AVF,479, 536, 874, 931, 1290, 1354
151###V1,479, 536, 874, 931, 1290, 1354
151###V2,479, 536, 874, 931, 1290, 1354
151###V3,479, 536, 874, 931, 1290, 1354
151###V4,479, 536, 874, 931, 1290, 1354
151###V5,479, 536, 874, 931, 1290, 1354
151###V6,479, 536, 874, 931, 1290, 1354
152###I,501, 545, 997, 1039, 1453, 1495
152###II,501, 545, 997, 1039, 1453, 1495
152###III,501, 545, 997, 1039, 1453, 1495
152###AVR,501, 545, 997, 1039, 1453, 1495
152###AVL,501, 545, 997, 1039, 1453, 1495
152###AVF,501, 545, 997, 1039, 1453, 1495
152###V1,501, 545, 997, 1039, 1453, 1495
152###V2,501, 545, 997, 1039, 1453, 1495
152###V3,501, 545, 997, 1039, 1453, 1495
152###V4,501, 545, 997, 1039, 1453, 1495
152###V5,501, 545, 997, 1039, 1453, 1495
152###V6,501, 545, 997, 1039, 1453, 1495
153###I,673, 717, 1185, 1231, 1719, 1763
153###II,673, 717, 1185, 1231, 1719, 1763
153###III,673, 717, 1185, 1231, 1719, 1763
153###AVR,673, 717, 1185, 1231, 1719, 1763
153###AVL,673, 717, 1185, 1231, 1719, 1763
153###AVF,673, 717, 1185, 1231, 1719, 1763
153###V1,673, 717, 1185, 1231, 1719, 1763
153###V2,673, 717, 1185, 1231, 1719, 1763
153###V3,673, 717, 1185, 1231, 1719, 1763
153###V4,673, 717, 1185, 1231, 1719, 1763
153###V5,673, 717, 1185, 1231, 1719, 1763
153###V6,673, 717, 1185, 1231, 1719, 1763
154###I,640, 695, 1075, 1126, 1525, 1566
154###II,640, 695, 1075, 1126, 1525, 1566
154###III,640, 695, 1075, 1126, 1525, 1566
154###AVR,640, 695, 1075, 1126, 1525, 1566
154###AVL,640, 695, 1075, 1126, 1525, 1566
154###AVF,640, 695, 1075, 1126, 1525, 1566
154###V1,640, 695, 1075, 1126, 1525, 1566
154###V2,640, 695, 1075, 1126, 1525, 1566
154###V3,640, 695, 1075, 1126, 1525, 1566
154###V4,640, 695, 1075, 1126, 1525, 1566
154###V5,640, 695, 1075, 1126, 1525, 1566
154###V6,640, 695, 1075, 1126, 1525, 1566
155###I,1140, 1197, 1612, 1676, 2092, 2149
155###II,1140, 1197, 1612, 1676, 2092, 2149
155###III,1140, 1197, 1612, 1676, 2092, 2149
155###AVR,1140, 1197, 1612, 1676, 2092, 2149
155###AVL,1140, 1197, 1612, 1676, 2092, 2149
155###AVF,1140, 1197, 1612, 1676, 2092, 2149
155###V1,1140, 1197, 1612, 1676, 2092, 2149
155###V2,1140, 1197, 1612, 1676, 2092, 2149
155###V3,1140, 1197, 1612, 1676, 2092, 2149
155###V4,1140, 1197, 1612, 1676, 2092, 2149
155###V5,1140, 1197, 1612, 1676, 2092, 2149
155###V6,1140, 1197, 1612, 1676, 2092, 2149
156###I,713, 762, 1245, 1298, 1744, 1796
156###II,713, 762, 1245, 1298, 1744, 1796
156###III,713, 762, 1245, 1298, 1744, 1796
156###AVR,713, 762, 1245, 1298, 1744, 1796
156###AVL,713, 762, 1245, 1298, 1744, 1796
156###AVF,713, 762, 1245, 1298, 1744, 1796
156###V1,713, 762, 1245, 1298, 1744, 1796
156###V2,713, 762, 1245, 1298, 1744, 1796
156###V3,713, 762, 1245, 1298, 1744, 1796
156###V4,713, 762, 1245, 1298, 1744, 1796
156###V5,713, 762, 1245, 1298, 1744, 1796
156###V6,713, 762, 1245, 1298, 1744, 1796
157###I,834, 887, 1384, 1439, 1916, 1966
157###II,834, 887, 1384, 1439, 1916, 1966
157###III,834, 887, 1384, 1439, 1916, 1966
157###AVR,834, 887, 1384, 1439, 1916, 1966
157###AVL,834, 887, 1384, 1439, 1916, 1966
157###AVF,834, 887, 1384, 1439, 1916, 1966
157###V1,834, 887, 1384, 1439, 1916, 1966
157###V2,834, 887, 1384, 1439, 1916, 1966
157###V3,834, 887, 1384, 1439, 1916, 1966
157###V4,834, 887, 1384, 1439, 1916, 1966
157###V5,834, 887, 1384, 1439, 1916, 1966
157###V6,834, 887, 1384, 1439, 1916, 1966
158###I,582, 628, 1100, 1153, 1623, 1676
158###II,582, 628, 1100, 1153, 1623, 1676
158###III,582, 628, 1100, 1153, 1623, 1676
158###AVR,582, 628, 1100, 1153, 1623, 1676
158###AVL,582, 628, 1100, 1153, 1623, 1676
158###AVF,582, 628, 1100, 1153, 1623, 1676
158###V1,582, 628, 1100, 1153, 1623, 1676
158###V2,582, 628, 1100, 1153, 1623, 1676
158###V3,582, 628, 1100, 1153, 1623, 1676
158###V4,582, 628, 1100, 1153, 1623, 1676
158###V5,582, 628, 1100, 1153, 1623, 1676
158###V6,582, 628, 1100, 1153, 1623, 1676
159###I,591, 643, 1040, 1088, 1498, 1544
159###II,591, 643, 1040, 1088, 1498, 1544
159###III,591, 643, 1040, 1088, 1498, 1544
159###AVR,591, 643, 1040, 1088, 1498, 1544
159###AVL,591, 643, 1040, 1088, 1498, 1544
159###AVF,591, 643, 1040, 1088, 1498, 1544
159###V1,591, 643, 1040, 1088, 1498, 1544
159###V2,591, 643, 1040, 1088, 1498, 1544
159###V3,591, 643, 1040, 1088, 1498, 1544
159###V4,591, 643, 1040, 1088, 1498, 1544
159###V5,591, 643, 1040, 1088, 1498, 1544
159###V6,591, 643, 1040, 1088, 1498, 1544
16###I,517, 587, 939, 996, 1373, 1434
16###II,517, 587, 939, 996, 1373, 1434
16###III,517, 587, 939, 996, 1373, 1434
16###AVR,517, 587, 939, 996, 1373, 1434
16###AVL,517, 587, 939, 996, 1373, 1434
16###AVF,517, 587, 939, 996, 1373, 1434
16###V1,517, 587, 939, 996, 1373, 1434
16###V2,517, 587, 939, 996, 1373, 1434
16###V3,517, 587, 939, 996, 1373, 1434
16###V4,517, 587, 939, 996, 1373, 1434
16###V5,517, 587, 939, 996, 1373, 1434
16###V6,517, 587, 939, 996, 1373, 1434
160###I,894, 949, 1592, 1642, 2276, 2331
160###II,894, 949, 1592, 1642, 2276, 2331
160###III,894, 949, 1592, 1642, 2276, 2331
160###AVR,894, 949, 1592, 1642, 2276, 2331
160###AVL,894, 949, 1592, 1642, 2276, 2331
160###AVF,894, 949, 1592, 1642, 2276, 2331
160###V1,894, 949, 1592, 1642, 2276, 2331
160###V2,894, 949, 1592, 1642, 2276, 2331
160###V3,894, 949, 1592, 1642, 2276, 2331
160###V4,894, 949, 1592, 1642, 2276, 2331
160###V5,894, 949, 1592, 1642, 2276, 2331
160###V6,894, 949, 1592, 1642, 2276, 2331
161###I,818, 871, 1268, 1318, 1741, 1801
161###II,818, 871, 1268, 1318, 1741, 1801
161###III,818, 871, 1268, 1318, 1741, 1801
161###AVR,818, 871, 1268, 1318, 1741, 1801
161###AVL,818, 871, 1268, 1318, 1741, 1801
161###AVF,818, 871, 1268, 1318, 1741, 1801
161###V1,818, 871, 1268, 1318, 1741, 1801
161###V2,818, 871, 1268, 1318, 1741, 1801
161###V3,818, 871, 1268, 1318, 1741, 1801
161###V4,818, 871, 1268, 1318, 1741, 1801
161###V5,818, 871, 1268, 1318, 1741, 1801
161###V6,818, 871, 1268, 1318, 1741, 1801
162###I,917, 965, 1330, 1387, 1735, 1785
162###II,917, 965, 1330, 1387, 1735, 1785
162###III,917, 965, 1330, 1387, 1735, 1785
162###AVR,917, 965, 1330, 1387, 1735, 1785
162###AVL,917, 965, 1330, 1387, 1735, 1785
162###AVF,917, 965, 1330, 1387, 1735, 1785
162###V1,917, 965, 1330, 1387, 1735, 1785
162###V2,917, 965, 1330, 1387, 1735, 1785
162###V3,917, 965, 1330, 1387, 1735, 1785
162###V4,917, 965, 1330, 1387, 1735, 1785
162###V5,917, 965, 1330, 1387, 1735, 1785
162###V6,917, 965, 1330, 1387, 1735, 1785
163###I,1091, 1149, 1507, 1565, 1920, 1983
163###II,1091, 1149, 1507, 1565, 1920, 1983
163###III,1091, 1149, 1507, 1565, 1920, 1983
163###AVR,1091, 1149, 1507, 1565, 1920, 1983
163###AVL,1091, 1149, 1507, 1565, 1920, 1983
163###AVF,1091, 1149, 1507, 1565, 1920, 1983
163###V1,1091, 1149, 1507, 1565, 1920, 1983
163###V2,1091, 1149, 1507, 1565, 1920, 1983
163###V3,1091, 1149, 1507, 1565, 1920, 1983
163###V4,1091, 1149, 1507, 1565, 1920, 1983
163###V5,1091, 1149, 1507, 1565, 1920, 1983
163###V6,1091, 1149, 1507, 1565, 1920, 1983
164###I,915, 961, 1357, 1407, 1824, 1875
164###II,915, 961, 1357, 1407, 1824, 1875
164###III,915, 961, 1357, 1407, 1824, 1875
164###AVR,915, 961, 1357, 1407, 1824, 1875
164###AVL,915, 961, 1357, 1407, 1824, 1875
164###AVF,915, 961, 1357, 1407, 1824, 1875
164###V1,915, 961, 1357, 1407, 1824, 1875
164###V2,915, 961, 1357, 1407, 1824, 1875
164###V3,915, 961, 1357, 1407, 1824, 1875
164###V4,915, 961, 1357, 1407, 1824, 1875
164###V5,915, 961, 1357, 1407, 1824, 1875
164###V6,915, 961, 1357, 1407, 1824, 1875
165###I,751, 811, 1189, 1235, 1612, 1671
165###II,751, 811, 1189, 1235, 1612, 1671
165###III,751, 811, 1189, 1235, 1612, 1671
165###AVR,751, 811, 1189, 1235, 1612, 1671
165###AVL,751, 811, 1189, 1235, 1612, 1671
165###AVF,751, 811, 1189, 1235, 1612, 1671
165###V1,751, 811, 1189, 1235, 1612, 1671
165###V2,751, 811, 1189, 1235, 1612, 1671
165###V3,751, 811, 1189, 1235, 1612, 1671
165###V4,751, 811, 1189, 1235, 1612, 1671
165###V5,751, 811, 1189, 1235, 1612, 1671
165###V6,751, 811, 1189, 1235, 1612, 1671
166###I,731, 793, 1205, 1262, 1657, 1709
166###II,731, 793, 1205, 1262, 1657, 1709
166###III,731, 793, 1205, 1262, 1657, 1709
166###AVR,731, 793, 1205, 1262, 1657, 1709
166###AVL,731, 793, 1205, 1262, 1657, 1709
166###AVF,731, 793, 1205, 1262, 1657, 1709
166###V1,731, 793, 1205, 1262, 1657, 1709
166###V2,731, 793, 1205, 1262, 1657, 1709
166###V3,731, 793, 1205, 1262, 1657, 1709
166###V4,731, 793, 1205, 1262, 1657, 1709
166###V5,731, 793, 1205, 1262, 1657, 1709
166###V6,731, 793, 1205, 1262, 1657, 1709
167###I,613, 668, 1008, 1061, 1473, 1521
167###II,613, 668, 1008, 1061, 1473, 1521
167###III,613, 668, 1008, 1061, 1473, 1521
167###AVR,613, 668, 1008, 1061, 1473, 1521
167###AVL,613, 668, 1008, 1061, 1473, 1521
167###AVF,613, 668, 1008, 1061, 1473, 1521
167###V1,613, 668, 1008, 1061, 1473, 1521
167###V2,613, 668, 1008, 1061, 1473, 1521
167###V3,613, 668, 1008, 1061, 1473, 1521
167###V4,613, 668, 1008, 1061, 1473, 1521
167###V5,613, 668, 1008, 1061, 1473, 1521
167###V6,613, 668, 1008, 1061, 1473, 1521
168###I,727, 788, 1259, 1305, 1728, 1778
168###II,727, 788, 1259, 1305, 1728, 1778
168###III,727, 788, 1259, 1305, 1728, 1778
168###AVR,727, 788, 1259, 1305, 1728, 1778
168###AVL,727, 788, 1259, 1305, 1728, 1778
168###AVF,727, 788, 1259, 1305, 1728, 1778
168###V1,727, 788, 1259, 1305, 1728, 1778
168###V2,727, 788, 1259, 1305, 1728, 1778
168###V3,727, 788, 1259, 1305, 1728, 1778
168###V4,727, 788, 1259, 1305, 1728, 1778
168###V5,727, 788, 1259, 1305, 1728, 1778
168###V6,727, 788, 1259, 1305, 1728, 1778
169###I,843, 902, 1395, 1459, 1958, 2020
169###II,843, 902, 1395, 1459, 1958, 2020
169###III,843, 902, 1395, 1459, 1958, 2020
169###AVR,843, 902, 1395, 1459, 1958, 2020
169###AVL,843, 902, 1395, 1459, 1958, 2020
169###AVF,843, 902, 1395, 1459, 1958, 2020
169###V1,843, 902, 1395, 1459, 1958, 2020
169###V2,843, 902, 1395, 1459, 1958, 2020
169###V3,843, 902, 1395, 1459, 1958, 2020
169###V4,843, 902, 1395, 1459, 1958, 2020
169###V5,843, 902, 1395, 1459, 1958, 2020
169###V6,843, 902, 1395, 1459, 1958, 2020
17###I,1069, 1144, 1496, 1562, 1920, 1997
17###II,1069, 1144, 1496, 1562, 1920, 1997
17###III,1069, 1144, 1496, 1562, 1920, 1997
17###AVR,1069, 1144, 1496, 1562, 1920, 1997
17###AVL,1069, 1144, 1496, 1562, 1920, 1997
17###AVF,1069, 1144, 1496, 1562, 1920, 1997
17###V1,1069, 1144, 1496, 1562, 1920, 1997
17###V2,1069, 1144, 1496, 1562, 1920, 1997
17###V3,1069, 1144, 1496, 1562, 1920, 1997
17###V4,1069, 1144, 1496, 1562, 1920, 1997
17###V5,1069, 1144, 1496, 1562, 1920, 1997
17###V6,1069, 1144, 1496, 1562, 1920, 1997
170###I,1138, 1188, 1690, 1736, 2282, 2337
170###II,1138, 1188, 1690, 1736, 2282, 2337
170###III,1138, 1188, 1690, 1736, 2282, 2337
170###AVR,1138, 1188, 1690, 1736, 2282, 2337
170###AVL,1138, 1188, 1690, 1736, 2282, 2337
170###AVF,1138, 1188, 1690, 1736, 2282, 2337
170###V1,1138, 1188, 1690, 1736, 2282, 2337
170###V2,1138, 1188, 1690, 1736, 2282, 2337
170###V3,1138, 1188, 1690, 1736, 2282, 2337
170###V4,1138, 1188, 1690, 1736, 2282, 2337
170###V5,1138, 1188, 1690, 1736, 2282, 2337
170###V6,1138, 1188, 1690, 1736, 2282, 2337
171###I,1084, 1146, 1527, 1582, 1967, 2022
171###II,1084, 1146, 1527, 1582, 1967, 2022
171###III,1084, 1146, 1527, 1582, 1967, 2022
171###AVR,1084, 1146, 1527, 1582, 1967, 2022
171###AVL,1084, 1146, 1527, 1582, 1967, 2022
171###AVF,1084, 1146, 1527, 1582, 1967, 2022
171###V1,1084, 1146, 1527, 1582, 1967, 2022
171###V2,1084, 1146, 1527, 1582, 1967, 2022
171###V3,1084, 1146, 1527, 1582, 1967, 2022
171###V4,1084, 1146, 1527, 1582, 1967, 2022
171###V5,1084, 1146, 1527, 1582, 1967, 2022
171###V6,1084, 1146, 1527, 1582, 1967, 2022
172###I,660, 703, 1230, 1269, 1793, 1832
172###II,660, 703, 1230, 1269, 1793, 1832
172###III,660, 703, 1230, 1269, 1793, 1832
172###AVR,660, 703, 1230, 1269, 1793, 1832
172###AVL,660, 703, 1230, 1269, 1793, 1832
172###AVF,660, 703, 1230, 1269, 1793, 1832
172###V1,660, 703, 1230, 1269, 1793, 1832
172###V2,660, 703, 1230, 1269, 1793, 1832
172###V3,660, 703, 1230, 1269, 1793, 1832
172###V4,660, 703, 1230, 1269, 1793, 1832
172###V5,660, 703, 1230, 1269, 1793, 1832
172###V6,660, 703, 1230, 1269, 1793, 1832
174###I,973, 1021, 1478, 1526, 1956, 2002
174###II,973, 1021, 1478, 1526, 1956, 2002
174###III,973, 1021, 1478, 1526, 1956, 2002
174###AVR,973, 1021, 1478, 1526, 1956, 2002
174###AVL,973, 1021, 1478, 1526, 1956, 2002
174###AVF,973, 1021, 1478, 1526, 1956, 2002
174###V1,973, 1021, 1478, 1526, 1956, 2002
174###V2,973, 1021, 1478, 1526, 1956, 2002
174###V3,973, 1021, 1478, 1526, 1956, 2002
174###V4,973, 1021, 1478, 1526, 1956, 2002
174###V5,973, 1021, 1478, 1526, 1956, 2002
174###V6,973, 1021, 1478, 1526, 1956, 2002
175###I,1049, 1097, 1556, 1611, 2039, 2091
175###II,1049, 1097, 1556, 1611, 2039, 2091
175###III,1049, 1097, 1556, 1611, 2039, 2091
175###AVR,1049, 1097, 1556, 1611, 2039, 2091
175###AVL,1049, 1097, 1556, 1611, 2039, 2091
175###AVF,1049, 1097, 1556, 1611, 2039, 2091
175###V1,1049, 1097, 1556, 1611, 2039, 2091
175###V2,1049, 1097, 1556, 1611, 2039, 2091
175###V3,1049, 1097, 1556, 1611, 2039, 2091
175###V4,1049, 1097, 1556, 1611, 2039, 2091
175###V5,1049, 1097, 1556, 1611, 2039, 2091
175###V6,1049, 1097, 1556, 1611, 2039, 2091
176###I,1100, 1153, 1583, 1635, 2050, 2107
176###II,1100, 1153, 1583, 1635, 2050, 2107
176###III,1100, 1153, 1583, 1635, 2050, 2107
176###AVR,1100, 1153, 1583, 1635, 2050, 2107
176###AVL,1100, 1153, 1583, 1635, 2050, 2107
176###AVF,1100, 1153, 1583, 1635, 2050, 2107
176###V1,1100, 1153, 1583, 1635, 2050, 2107
176###V2,1100, 1153, 1583, 1635, 2050, 2107
176###V3,1100, 1153, 1583, 1635, 2050, 2107
176###V4,1100, 1153, 1583, 1635, 2050, 2107
176###V5,1100, 1153, 1583, 1635, 2050, 2107
176###V6,1100, 1153, 1583, 1635, 2050, 2107
177###I,848, 891, 1257, 1300, 1663, 1705
177###II,848, 891, 1257, 1300, 1663, 1705
177###III,848, 891, 1257, 1300, 1663, 1705
177###AVR,848, 891, 1257, 1300, 1663, 1705
177###AVL,848, 891, 1257, 1300, 1663, 1705
177###AVF,848, 891, 1257, 1300, 1663, 1705
177###V1,848, 891, 1257, 1300, 1663, 1705
177###V2,848, 891, 1257, 1300, 1663, 1705
177###V3,848, 891, 1257, 1300, 1663, 1705
177###V4,848, 891, 1257, 1300, 1663, 1705
177###V5,848, 891, 1257, 1300, 1663, 1705
177###V6,848, 891, 1257, 1300, 1663, 1705
178###I,821, 871, 1136, 1188, 1455, 1506
178###II,821, 871, 1136, 1188, 1455, 1506
178###III,821, 871, 1136, 1188, 1455, 1506
178###AVR,821, 871, 1136, 1188, 1455, 1506
178###AVL,821, 871, 1136, 1188, 1455, 1506
178###AVF,821, 871, 1136, 1188, 1455, 1506
178###V1,821, 871, 1136, 1188, 1455, 1506
178###V2,821, 871, 1136, 1188, 1455, 1506
178###V3,821, 871, 1136, 1188, 1455, 1506
178###V4,821, 871, 1136, 1188, 1455, 1506
178###V5,821, 871, 1136, 1188, 1455, 1506
178###V6,821, 871, 1136, 1188, 1455, 1506
179###I,322, 379, 789, 851, 1263, 1320
179###II,322, 379, 789, 851, 1263, 1320
179###III,322, 379, 789, 851, 1263, 1320
179###AVR,322, 379, 789, 851, 1263, 1320
179###AVL,322, 379, 789, 851, 1263, 1320
179###AVF,322, 379, 789, 851, 1263, 1320
179###V1,322, 379, 789, 851, 1263, 1320
179###V2,322, 379, 789, 851, 1263, 1320
179###V3,322, 379, 789, 851, 1263, 1320
179###V4,322, 379, 789, 851, 1263, 1320
179###V5,322, 379, 789, 851, 1263, 1320
179###V6,322, 379, 789, 851, 1263, 1320
18###I,673, 739, 1053, 1115, 1431, 1499
18###II,673, 739, 1053, 1115, 1431, 1499
18###III,673, 739, 1053, 1115, 1431, 1499
18###AVR,673, 739, 1053, 1115, 1431, 1499
18###AVL,673, 739, 1053, 1115, 1431, 1499
18###AVF,673, 739, 1053, 1115, 1431, 1499
18###V1,673, 739, 1053, 1115, 1431, 1499
18###V2,673, 739, 1053, 1115, 1431, 1499
18###V3,673, 739, 1053, 1115, 1431, 1499
18###V4,673, 739, 1053, 1115, 1431, 1499
18###V5,673, 739, 1053, 1115, 1431, 1499
18###V6,673, 739, 1053, 1115, 1431, 1499
180###I,544, 605, 959, 1012, 1353, 1405
180###II,544, 605, 959, 1012, 1353, 1405
180###III,544, 605, 959, 1012, 1353, 1405
180###AVR,544, 605, 959, 1012, 1353, 1405
180###AVL,544, 605, 959, 1012, 1353, 1405
180###AVF,544, 605, 959, 1012, 1353, 1405
180###V1,544, 605, 959, 1012, 1353, 1405
180###V2,544, 605, 959, 1012, 1353, 1405
180###V3,544, 605, 959, 1012, 1353, 1405
180###V4,544, 605, 959, 1012, 1353, 1405
180###V5,544, 605, 959, 1012, 1353, 1405
180###V6,544, 605, 959, 1012, 1353, 1405
181###I,789, 858, 1265, 1334, 1744, 1810
181###II,789, 858, 1265, 1334, 1744, 1810
181###III,789, 858, 1265, 1334, 1744, 1810
181###AVR,789, 858, 1265, 1334, 1744, 1810
181###AVL,789, 858, 1265, 1334, 1744, 1810
181###AVF,789, 858, 1265, 1334, 1744, 1810
181###V1,789, 858, 1265, 1334, 1744, 1810
181###V2,789, 858, 1265, 1334, 1744, 1810
181###V3,789, 858, 1265, 1334, 1744, 1810
181###V4,789, 858, 1265, 1334, 1744, 1810
181###V5,789, 858, 1265, 1334, 1744, 1810
181###V6,789, 858, 1265, 1334, 1744, 1810
182###I,452, 511, 801, 862, 1156, 1215
182###II,452, 511, 801, 862, 1156, 1215
182###III,452, 511, 801, 862, 1156, 1215
182###AVR,452, 511, 801, 862, 1156, 1215
182###AVL,452, 511, 801, 862, 1156, 1215
182###AVF,452, 511, 801, 862, 1156, 1215
182###V1,452, 511, 801, 862, 1156, 1215
182###V2,452, 511, 801, 862, 1156, 1215
182###V3,452, 511, 801, 862, 1156, 1215
182###V4,452, 511, 801, 862, 1156, 1215
182###V5,452, 511, 801, 862, 1156, 1215
182###V6,452, 511, 801, 862, 1156, 1215
183###I,459, 516, 854, 902, 1236, 1285
183###II,459, 516, 854, 902, 1236, 1285
183###III,459, 516, 854, 902, 1236, 1285
183###AVR,459, 516, 854, 902, 1236, 1285
183###AVL,459, 516, 854, 902, 1236, 1285
183###AVF,459, 516, 854, 902, 1236, 1285
183###V1,459, 516, 854, 902, 1236, 1285
183###V2,459, 516, 854, 902, 1236, 1285
183###V3,459, 516, 854, 902, 1236, 1285
183###V4,459, 516, 854, 902, 1236, 1285
183###V5,459, 516, 854, 902, 1236, 1285
183###V6,459, 516, 854, 902, 1236, 1285
184###I,492, 536, 856, 902, 1201, 1244
184###II,492, 536, 856, 902, 1201, 1244
184###III,492, 536, 856, 902, 1201, 1244
184###AVR,492, 536, 856, 902, 1201, 1244
184###AVL,492, 536, 856, 902, 1201, 1244
184###AVF,492, 536, 856, 902, 1201, 1244
184###V1,492, 536, 856, 902, 1201, 1244
184###V2,492, 536, 856, 902, 1201, 1244
184###V3,492, 536, 856, 902, 1201, 1244
184###V4,492, 536, 856, 902, 1201, 1244
184###V5,492, 536, 856, 902, 1201, 1244
184###V6,492, 536, 856, 902, 1201, 1244
185###I,465, 518, 783, 838, 1111, 1159
185###II,465, 518, 783, 838, 1111, 1159
185###III,465, 518, 783, 838, 1111, 1159
185###AVR,465, 518, 783, 838, 1111, 1159
185###AVL,465, 518, 783, 838, 1111, 1159
185###AVF,465, 518, 783, 838, 1111, 1159
185###V1,465, 518, 783, 838, 1111, 1159
185###V2,465, 518, 783, 838, 1111, 1159
185###V3,465, 518, 783, 838, 1111, 1159
185###V4,465, 518, 783, 838, 1111, 1159
185###V5,465, 518, 783, 838, 1111, 1159
185###V6,465, 518, 783, 838, 1111, 1159
186###I,468, 516, 868, 916, 1245, 1302
186###II,468, 516, 868, 916, 1245, 1302
186###III,468, 516, 868, 916, 1245, 1302
186###AVR,468, 516, 868, 916, 1245, 1302
186###AVL,468, 516, 868, 916, 1245, 1302
186###AVF,468, 516, 868, 916, 1245, 1302
186###V1,468, 516, 868, 916, 1245, 1302
186###V2,468, 516, 868, 916, 1245, 1302
186###V3,468, 516, 868, 916, 1245, 1302
186###V4,468, 516, 868, 916, 1245, 1302
186###V5,468, 516, 868, 916, 1245, 1302
186###V6,468, 516, 868, 916, 1245, 1302
187###I,742, 782, 1210, 1253, 1681, 1727
187###II,742, 782, 1210, 1253, 1681, 1727
187###III,742, 782, 1210, 1253, 1681, 1727
187###AVR,742, 782, 1210, 1253, 1681, 1727
187###AVL,742, 782, 1210, 1253, 1681, 1727
187###AVF,742, 782, 1210, 1253, 1681, 1727
187###V1,742, 782, 1210, 1253, 1681, 1727
187###V2,742, 782, 1210, 1253, 1681, 1727
187###V3,742, 782, 1210, 1253, 1681, 1727
187###V4,742, 782, 1210, 1253, 1681, 1727
187###V5,742, 782, 1210, 1253, 1681, 1727
187###V6,742, 782, 1210, 1253, 1681, 1727
188###I,653, 692, 975, 1025, 1297, 1340
188###II,653, 692, 975, 1025, 1297, 1340
188###III,653, 692, 975, 1025, 1297, 1340
188###AVR,653, 692, 975, 1025, 1297, 1340
188###AVL,653, 692, 975, 1025, 1297, 1340
188###AVF,653, 692, 975, 1025, 1297, 1340
188###V1,653, 692, 975, 1025, 1297, 1340
188###V2,653, 692, 975, 1025, 1297, 1340
188###V3,653, 692, 975, 1025, 1297, 1340
188###V4,653, 692, 975, 1025, 1297, 1340
188###V5,653, 692, 975, 1025, 1297, 1340
188###V6,653, 692, 975, 1025, 1297, 1340
189###I,606, 648, 1131, 1171, 1706, 1743
189###II,606, 648, 1131, 1171, 1706, 1743
189###III,606, 648, 1131, 1171, 1706, 1743
189###AVR,606, 648, 1131, 1171, 1706, 1743
189###AVL,606, 648, 1131, 1171, 1706, 1743
189###AVF,606, 648, 1131, 1171, 1706, 1743
189###V1,606, 648, 1131, 1171, 1706, 1743
189###V2,606, 648, 1131, 1171, 1706, 1743
189###V3,606, 648, 1131, 1171, 1706, 1743
189###V4,606, 648, 1131, 1171, 1706, 1743
189###V5,606, 648, 1131, 1171, 1706, 1743
189###V6,606, 648, 1131, 1171, 1706, 1743
19###I,313, 355, 810, 855, 1301, 1349
19###II,313, 355, 810, 855, 1301, 1349
19###III,313, 355, 810, 855, 1301, 1349
19###AVR,313, 355, 810, 855, 1301, 1349
19###AVL,313, 355, 810, 855, 1301, 1349
19###AVF,313, 355, 810, 855, 1301, 1349
19###V1,313, 355, 810, 855, 1301, 1349
19###V2,313, 355, 810, 855, 1301, 1349
19###V3,313, 355, 810, 855, 1301, 1349
19###V4,313, 355, 810, 855, 1301, 1349
19###V5,313, 355, 810, 855, 1301, 1349
19###V6,313, 355, 810, 855, 1301, 1349
190###I,528, 572, 966, 1012, 1388, 1434
190###II,528, 572, 966, 1012, 1388, 1434
190###III,528, 572, 966, 1012, 1388, 1434
190###AVR,528, 572, 966, 1012, 1388, 1434
190###AVL,528, 572, 966, 1012, 1388, 1434
190###AVF,528, 572, 966, 1012, 1388, 1434
190###V1,528, 572, 966, 1012, 1388, 1434
190###V2,528, 572, 966, 1012, 1388, 1434
190###V3,528, 572, 966, 1012, 1388, 1434
190###V4,528, 572, 966, 1012, 1388, 1434
190###V5,528, 572, 966, 1012, 1388, 1434
190###V6,528, 572, 966, 1012, 1388, 1434
191###I,253, 297, 751, 793, 1232, 1273
191###II,253, 297, 751, 793, 1232, 1273
191###III,253, 297, 751, 793, 1232, 1273
191###AVR,253, 297, 751, 793, 1232, 1273
191###AVL,253, 297, 751, 793, 1232, 1273
191###AVF,253, 297, 751, 793, 1232, 1273
191###V1,253, 297, 751, 793, 1232, 1273
191###V2,253, 297, 751, 793, 1232, 1273
191###V3,253, 297, 751, 793, 1232, 1273
191###V4,253, 297, 751, 793, 1232, 1273
191###V5,253, 297, 751, 793, 1232, 1273
191###V6,253, 297, 751, 793, 1232, 1273
192###I,398, 458, 930, 981, 1440, 1488
192###II,398, 458, 930, 981, 1440, 1488
192###III,398, 458, 930, 981, 1440, 1488
192###AVR,398, 458, 930, 981, 1440, 1488
192###AVL,398, 458, 930, 981, 1440, 1488
192###AVF,398, 458, 930, 981, 1440, 1488
192###V1,398, 458, 930, 981, 1440, 1488
192###V2,398, 458, 930, 981, 1440, 1488
192###V3,398, 458, 930, 981, 1440, 1488
192###V4,398, 458, 930, 981, 1440, 1488
192###V5,398, 458, 930, 981, 1440, 1488
192###V6,398, 458, 930, 981, 1440, 1488
193###I,517, 567, 997, 1048, 1493, 1539
193###II,517, 567, 997, 1048, 1493, 1539
193###III,517, 567, 997, 1048, 1493, 1539
193###AVR,517, 567, 997, 1048, 1493, 1539
193###AVL,517, 567, 997, 1048, 1493, 1539
193###AVF,517, 567, 997, 1048, 1493, 1539
193###V1,517, 567, 997, 1048, 1493, 1539
193###V2,517, 567, 997, 1048, 1493, 1539
193###V3,517, 567, 997, 1048, 1493, 1539
193###V4,517, 567, 997, 1048, 1493, 1539
193###V5,517, 567, 997, 1048, 1493, 1539
193###V6,517, 567, 997, 1048, 1493, 1539
194###I,550, 598, 1069, 1130, 1605, 1662
194###II,550, 598, 1069, 1130, 1605, 1662
194###III,550, 598, 1069, 1130, 1605, 1662
194###AVR,550, 598, 1069, 1130, 1605, 1662
194###AVL,550, 598, 1069, 1130, 1605, 1662
194###AVF,550, 598, 1069, 1130, 1605, 1662
194###V1,550, 598, 1069, 1130, 1605, 1662
194###V2,550, 598, 1069, 1130, 1605, 1662
194###V3,550, 598, 1069, 1130, 1605, 1662
194###V4,550, 598, 1069, 1130, 1605, 1662
194###V5,550, 598, 1069, 1130, 1605, 1662
194###V6,550, 598, 1069, 1130, 1605, 1662
195###I,530, 574, 979, 1025, 1388, 1437
195###II,530, 574, 979, 1025, 1388, 1437
195###III,530, 574, 979, 1025, 1388, 1437
195###AVR,530, 574, 979, 1025, 1388, 1437
195###AVL,530, 574, 979, 1025, 1388, 1437
195###AVF,530, 574, 979, 1025, 1388, 1437
195###V1,530, 574, 979, 1025, 1388, 1437
195###V2,530, 574, 979, 1025, 1388, 1437
195###V3,530, 574, 979, 1025, 1388, 1437
195###V4,530, 574, 979, 1025, 1388, 1437
195###V5,530, 574, 979, 1025, 1388, 1437
195###V6,530, 574, 979, 1025, 1388, 1437
196###I,633, 686, 1029, 1081, 1417, 1468
196###II,633, 686, 1029, 1081, 1417, 1468
196###III,633, 686, 1029, 1081, 1417, 1468
196###AVR,633, 686, 1029, 1081, 1417, 1468
196###AVL,633, 686, 1029, 1081, 1417, 1468
196###AVF,633, 686, 1029, 1081, 1417, 1468
196###V1,633, 686, 1029, 1081, 1417, 1468
196###V2,633, 686, 1029, 1081, 1417, 1468
196###V3,633, 686, 1029, 1081, 1417, 1468
196###V4,633, 686, 1029, 1081, 1417, 1468
196###V5,633, 686, 1029, 1081, 1417, 1468
196###V6,633, 686, 1029, 1081, 1417, 1468
197###I,461, 505, 792, 835, 1134, 1177
197###II,461, 505, 792, 835, 1134, 1177
197###III,461, 505, 792, 835, 1134, 1177
197###AVR,461, 505, 792, 835, 1134, 1177
197###AVL,461, 505, 792, 835, 1134, 1177
197###AVF,461, 505, 792, 835, 1134, 1177
197###V1,461, 505, 792, 835, 1134, 1177
197###V2,461, 505, 792, 835, 1134, 1177
197###V3,461, 505, 792, 835, 1134, 1177
197###V4,461, 505, 792, 835, 1134, 1177
197###V5,461, 505, 792, 835, 1134, 1177
197###V6,461, 505, 792, 835, 1134, 1177
198###I,593, 641, 1087, 1126, 1578, 1627
198###II,593, 641, 1087, 1126, 1578, 1627
198###III,593, 641, 1087, 1126, 1578, 1627
198###AVR,593, 641, 1087, 1126, 1578, 1627
198###AVL,593, 641, 1087, 1126, 1578, 1627
198###AVF,593, 641, 1087, 1126, 1578, 1627
198###V1,593, 641, 1087, 1126, 1578, 1627
198###V2,593, 641, 1087, 1126, 1578, 1627
198###V3,593, 641, 1087, 1126, 1578, 1627
198###V4,593, 641, 1087, 1126, 1578, 1627
198###V5,593, 641, 1087, 1126, 1578, 1627
198###V6,593, 641, 1087, 1126, 1578, 1627
199###I,450, 498, 984, 1036, 1478, 1526
199###II,450, 498, 984, 1036, 1478, 1526
199###III,450, 498, 984, 1036, 1478, 1526
199###AVR,450, 498, 984, 1036, 1478, 1526
199###AVL,450, 498, 984, 1036, 1478, 1526
199###AVF,450, 498, 984, 1036, 1478, 1526
199###V1,450, 498, 984, 1036, 1478, 1526
199###V2,450, 498, 984, 1036, 1478, 1526
199###V3,450, 498, 984, 1036, 1478, 1526
199###V4,450, 498, 984, 1036, 1478, 1526
199###V5,450, 498, 984, 1036, 1478, 1526
199###V6,450, 498, 984, 1036, 1478, 1526
2###I,456, 514, 903, 956, 1350, 1396
2###II,456, 514, 903, 956, 1350, 1396
2###III,456, 514, 903, 956, 1350, 1396
2###AVR,456, 514, 903, 956, 1350, 1396
2###AVL,456, 514, 903, 956, 1350, 1396
2###AVF,456, 514, 903, 956, 1350, 1396
2###V1,456, 514, 903, 956, 1350, 1396
2###V2,456, 514, 903, 956, 1350, 1396
2###V3,456, 514, 903, 956, 1350, 1396
2###V4,456, 514, 903, 956, 1350, 1396
2###V5,456, 514, 903, 956, 1350, 1396
2###V6,456, 514, 903, 956, 1350, 1396
20###I,327, 388, 794, 853, 1263, 1320
20###II,327, 388, 794, 853, 1263, 1320
20###III,327, 388, 794, 853, 1263, 1320
20###AVR,327, 388, 794, 853, 1263, 1320
20###AVL,327, 388, 794, 853, 1263, 1320
20###AVF,327, 388, 794, 853, 1263, 1320
20###V1,327, 388, 794, 853, 1263, 1320
20###V2,327, 388, 794, 853, 1263, 1320
20###V3,327, 388, 794, 853, 1263, 1320
20###V4,327, 388, 794, 853, 1263, 1320
20###V5,327, 388, 794, 853, 1263, 1320
20###V6,327, 388, 794, 853, 1263, 1320
200###I,926, 974, 1406, 1452, 1871, 1922
200###II,926, 974, 1406, 1452, 1871, 1922
200###III,926, 974, 1406, 1452, 1871, 1922
200###AVR,926, 974, 1406, 1452, 1871, 1922
200###AVL,926, 974, 1406, 1452, 1871, 1922
200###AVF,926, 974, 1406, 1452, 1871, 1922
200###V1,926, 974, 1406, 1452, 1871, 1922
200###V2,926, 974, 1406, 1452, 1871, 1922
200###V3,926, 974, 1406, 1452, 1871, 1922
200###V4,926, 974, 1406, 1452, 1871, 1922
200###V5,926, 974, 1406, 1452, 1871, 1922
200###V6,926, 974, 1406, 1452, 1871, 1922
21###I,459, 505, 877, 918, 1290, 1334
21###II,459, 505, 877, 918, 1290, 1334
21###III,459, 505, 877, 918, 1290, 1334
21###AVR,459, 505, 877, 918, 1290, 1334
21###AVL,459, 505, 877, 918, 1290, 1334
21###AVF,459, 505, 877, 918, 1290, 1334
21###V1,459, 505, 877, 918, 1290, 1334
21###V2,459, 505, 877, 918, 1290, 1334
21###V3,459, 505, 877, 918, 1290, 1334
21###V4,459, 505, 877, 918, 1290, 1334
21###V5,459, 505, 877, 918, 1290, 1334
21###V6,459, 505, 877, 918, 1290, 1334
22###I,342, 388, 731, 782, 1134, 1175
22###II,342, 388, 731, 782, 1134, 1175
22###III,342, 388, 731, 782, 1134, 1175
22###AVR,342, 388, 731, 782, 1134, 1175
22###AVL,342, 388, 731, 782, 1134, 1175
22###AVF,342, 388, 731, 782, 1134, 1175
22###V1,342, 388, 731, 782, 1134, 1175
22###V2,342, 388, 731, 782, 1134, 1175
22###V3,342, 388, 731, 782, 1134, 1175
22###V4,342, 388, 731, 782, 1134, 1175
22###V5,342, 388, 731, 782, 1134, 1175
22###V6,342, 388, 731, 782, 1134, 1175
23###I,595, 661, 1111, 1177, 1625, 1691
23###II,595, 661, 1111, 1177, 1625, 1691
23###III,595, 661, 1111, 1177, 1625, 1691
23###AVR,595, 661, 1111, 1177, 1625, 1691
23###AVL,595, 661, 1111, 1177, 1625, 1691
23###AVF,595, 661, 1111, 1177, 1625, 1691
23###V1,595, 661, 1111, 1177, 1625, 1691
23###V2,595, 661, 1111, 1177, 1625, 1691
23###V3,595, 661, 1111, 1177, 1625, 1691
23###V4,595, 661, 1111, 1177, 1625, 1691
23###V5,595, 661, 1111, 1177, 1625, 1691
23###V6,595, 661, 1111, 1177, 1625, 1691
24###I,566, 619, 1160, 1211, 1753, 1805
24###II,566, 619, 1160, 1211, 1753, 1805
24###III,566, 619, 1160, 1211, 1753, 1805
24###AVR,566, 619, 1160, 1211, 1753, 1805
24###AVL,566, 619, 1160, 1211, 1753, 1805
24###AVF,566, 619, 1160, 1211, 1753, 1805
24###V1,566, 619, 1160, 1211, 1753, 1805
24###V2,566, 619, 1160, 1211, 1753, 1805
24###V3,566, 619, 1160, 1211, 1753, 1805
24###V4,566, 619, 1160, 1211, 1753, 1805
24###V5,566, 619, 1160, 1211, 1753, 1805
24###V6,566, 619, 1160, 1211, 1753, 1805
25###I,425, 476, 966, 1014, 1491, 1544
25###II,425, 476, 966, 1014, 1491, 1544
25###III,425, 476, 966, 1014, 1491, 1544
25###AVR,425, 476, 966, 1014, 1491, 1544
25###AVL,425, 476, 966, 1014, 1491, 1544
25###AVF,425, 476, 966, 1014, 1491, 1544
25###V1,425, 476, 966, 1014, 1491, 1544
25###V2,425, 476, 966, 1014, 1491, 1544
25###V3,425, 476, 966, 1014, 1491, 1544
25###V4,425, 476, 966, 1014, 1491, 1544
25###V5,425, 476, 966, 1014, 1491, 1544
25###V6,425, 476, 966, 1014, 1491, 1544
26###I,269, 326, 756, 811, 1243, 1298
26###II,269, 326, 756, 811, 1243, 1298
26###III,269, 326, 756, 811, 1243, 1298
26###AVR,269, 326, 756, 811, 1243, 1298
26###AVL,269, 326, 756, 811, 1243, 1298
26###AVF,269, 326, 756, 811, 1243, 1298
26###V1,269, 326, 756, 811, 1243, 1298
26###V2,269, 326, 756, 811, 1243, 1298
26###V3,269, 326, 756, 811, 1243, 1298
26###V4,269, 326, 756, 811, 1243, 1298
26###V5,269, 326, 756, 811, 1243, 1298
26###V6,269, 326, 756, 811, 1243, 1298
27###I,626, 679, 1183, 1231, 1735, 1787
27###II,626, 679, 1183, 1231, 1735, 1787
27###III,626, 679, 1183, 1231, 1735, 1787
27###AVR,626, 679, 1183, 1231, 1735, 1787
27###AVL,626, 679, 1183, 1231, 1735, 1787
27###AVF,626, 679, 1183, 1231, 1735, 1787
27###V1,626, 679, 1183, 1231, 1735, 1787
27###V2,626, 679, 1183, 1231, 1735, 1787
27###V3,626, 679, 1183, 1231, 1735, 1787
27###V4,626, 679, 1183, 1231, 1735, 1787
27###V5,626, 679, 1183, 1231, 1735, 1787
27###V6,626, 679, 1183, 1231, 1735, 1787
28###I,644, 697, 1149, 1202, 1648, 1702
28###II,644, 697, 1149, 1202, 1648, 1702
28###III,644, 697, 1149, 1202, 1648, 1702
28###AVR,644, 697, 1149, 1202, 1648, 1702
28###AVL,644, 697, 1149, 1202, 1648, 1702
28###AVF,644, 697, 1149, 1202, 1648, 1702
28###V1,644, 697, 1149, 1202, 1648, 1702
28###V2,644, 697, 1149, 1202, 1648, 1702
28###V3,644, 697, 1149, 1202, 1648, 1702
28###V4,644, 697, 1149, 1202, 1648, 1702
28###V5,644, 697, 1149, 1202, 1648, 1702
28###V6,644, 697, 1149, 1202, 1648, 1702
29###I,367, 424, 832, 893, 1299, 1363
29###II,367, 424, 832, 893, 1299, 1363
29###III,367, 424, 832, 893, 1299, 1363
29###AVR,367, 424, 832, 893, 1299, 1363
29###AVL,367, 424, 832, 893, 1299, 1363
29###AVF,367, 424, 832, 893, 1299, 1363
29###V1,367, 424, 832, 893, 1299, 1363
29###V2,367, 424, 832, 893, 1299, 1363
29###V3,367, 424, 832, 893, 1299, 1363
29###V4,367, 424, 832, 893, 1299, 1363
29###V5,367, 424, 832, 893, 1299, 1363
29###V6,367, 424, 832, 893, 1299, 1363
3###I,519, 585, 968, 1032, 1417, 1477
3###II,519, 585, 968, 1032, 1417, 1477
3###III,519, 585, 968, 1032, 1417, 1477
3###AVR,519, 585, 968, 1032, 1417, 1477
3###AVL,519, 585, 968, 1032, 1417, 1477
3###AVF,519, 585, 968, 1032, 1417, 1477
3###V1,519, 585, 968, 1032, 1417, 1477
3###V2,519, 585, 968, 1032, 1417, 1477
3###V3,519, 585, 968, 1032, 1417, 1477
3###V4,519, 585, 968, 1032, 1417, 1477
3###V5,519, 585, 968, 1032, 1417, 1477
3###V6,519, 585, 968, 1032, 1417, 1477
30###I,608, 661, 1176, 1235, 1791, 1848
30###II,608, 661, 1176, 1235, 1791, 1848
30###III,608, 661, 1176, 1235, 1791, 1848
30###AVR,608, 661, 1176, 1235, 1791, 1848
30###AVL,608, 661, 1176, 1235, 1791, 1848
30###AVF,608, 661, 1176, 1235, 1791, 1848
30###V1,608, 661, 1176, 1235, 1791, 1848
30###V2,608, 661, 1176, 1235, 1791, 1848
30###V3,608, 661, 1176, 1235, 1791, 1848
30###V4,608, 661, 1176, 1235, 1791, 1848
30###V5,608, 661, 1176, 1235, 1791, 1848
30###V6,608, 661, 1176, 1235, 1791, 1848
31###I,535, 585, 995, 1045, 1460, 1508
31###II,535, 585, 995, 1045, 1460, 1508
31###III,535, 585, 995, 1045, 1460, 1508
31###AVR,535, 585, 995, 1045, 1460, 1508
31###AVL,535, 585, 995, 1045, 1460, 1508
31###AVF,535, 585, 995, 1045, 1460, 1508
31###V1,535, 585, 995, 1045, 1460, 1508
31###V2,535, 585, 995, 1045, 1460, 1508
31###V3,535, 585, 995, 1045, 1460, 1508
31###V4,535, 585, 995, 1045, 1460, 1508
31###V5,535, 585, 995, 1045, 1460, 1508
31###V6,535, 585, 995, 1045, 1460, 1508
32###I,579, 645, 1069, 1126, 1534, 1589
32###II,579, 645, 1069, 1126, 1534, 1589
32###III,579, 645, 1069, 1126, 1534, 1589
32###AVR,579, 645, 1069, 1126, 1534, 1589
32###AVL,579, 645, 1069, 1126, 1534, 1589
32###AVF,579, 645, 1069, 1126, 1534, 1589
32###V1,579, 645, 1069, 1126, 1534, 1589
32###V2,579, 645, 1069, 1126, 1534, 1589
32###V3,579, 645, 1069, 1126, 1534, 1589
32###V4,579, 645, 1069, 1126, 1534, 1589
32###V5,579, 645, 1069, 1126, 1534, 1589
32###V6,579, 645, 1069, 1126, 1534, 1589
33###I,662, 721, 1169, 1229, 1670, 1725
33###II,662, 721, 1169, 1229, 1670, 1725
33###III,662, 721, 1169, 1229, 1670, 1725
33###AVR,662, 721, 1169, 1229, 1670, 1725
33###AVL,662, 721, 1169, 1229, 1670, 1725
33###AVF,662, 721, 1169, 1229, 1670, 1725
33###V1,662, 721, 1169, 1229, 1670, 1725
33###V2,662, 721, 1169, 1229, 1670, 1725
33###V3,662, 721, 1169, 1229, 1670, 1725
33###V4,662, 721, 1169, 1229, 1670, 1725
33###V5,662, 721, 1169, 1229, 1670, 1725
33###V6,662, 721, 1169, 1229, 1670, 1725
36###I,729, 777, 1169, 1222, 1612, 1665
36###II,729, 777, 1169, 1222, 1612, 1665
36###III,729, 777, 1169, 1222, 1612, 1665
36###AVR,729, 777, 1169, 1222, 1612, 1665
36###AVL,729, 777, 1169, 1222, 1612, 1665
36###AVF,729, 777, 1169, 1222, 1612, 1665
36###V1,729, 777, 1169, 1222, 1612, 1665
36###V2,729, 777, 1169, 1222, 1612, 1665
36###V3,729, 777, 1169, 1222, 1612, 1665
36###V4,729, 777, 1169, 1222, 1612, 1665
36###V5,729, 777, 1169, 1222, 1612, 1665
36###V6,729, 777, 1169, 1222, 1612, 1665
37###I,414, 462, 856, 905, 1292, 1336
37###II,414, 462, 856, 905, 1292, 1336
37###III,414, 462, 856, 905, 1292, 1336
37###AVR,414, 462, 856, 905, 1292, 1336
37###AVL,414, 462, 856, 905, 1292, 1336
37###AVF,414, 462, 856, 905, 1292, 1336
37###V1,414, 462, 856, 905, 1292, 1336
37###V2,414, 462, 856, 905, 1292, 1336
37###V3,414, 462, 856, 905, 1292, 1336
37###V4,414, 462, 856, 905, 1292, 1336
37###V5,414, 462, 856, 905, 1292, 1336
37###V6,414, 462, 856, 905, 1292, 1336
39###I,360, 422, 894, 967, 1480, 1555
39###II,360, 422, 894, 967, 1480, 1555
39###III,360, 422, 894, 967, 1480, 1555
39###AVR,360, 422, 894, 967, 1480, 1555
39###AVL,360, 422, 894, 967, 1480, 1555
39###AVF,360, 422, 894, 967, 1480, 1555
39###V1,360, 422, 894, 967, 1480, 1555
39###V2,360, 422, 894, 967, 1480, 1555
39###V3,360, 422, 894, 967, 1480, 1555
39###V4,360, 422, 894, 967, 1480, 1555
39###V5,360, 422, 894, 967, 1480, 1555
39###V6,360, 422, 894, 967, 1480, 1555
4###I,436, 487, 921, 974, 1408, 1463
4###II,436, 487, 921, 974, 1408, 1463
4###III,436, 487, 921, 974, 1408, 1463
4###AVR,436, 487, 921, 974, 1408, 1463
4###AVL,436, 487, 921, 974, 1408, 1463
4###AVF,436, 487, 921, 974, 1408, 1463
4###V1,436, 487, 921, 974, 1408, 1463
4###V2,436, 487, 921, 974, 1408, 1463
4###V3,436, 487, 921, 974, 1408, 1463
4###V4,436, 487, 921, 974, 1408, 1463
4###V5,436, 487, 921, 974, 1408, 1463
4###V6,436, 487, 921, 974, 1408, 1463
40###I,494, 545, 935, 981, 1373, 1428
40###II,494, 545, 935, 981, 1373, 1428
40###III,494, 545, 935, 981, 1373, 1428
40###AVR,494, 545, 935, 981, 1373, 1428
40###AVL,494, 545, 935, 981, 1373, 1428
40###AVF,494, 545, 935, 981, 1373, 1428
40###V1,494, 545, 935, 981, 1373, 1428
40###V2,494, 545, 935, 981, 1373, 1428
40###V3,494, 545, 935, 981, 1373, 1428
40###V4,494, 545, 935, 981, 1373, 1428
40###V5,494, 545, 935, 981, 1373, 1428
40###V6,494, 545, 935, 981, 1373, 1428
41###I,642, 699, 1263, 1316, 1878, 1930
41###II,642, 699, 1263, 1316, 1878, 1930
41###III,642, 699, 1263, 1316, 1878, 1930
41###AVR,642, 699, 1263, 1316, 1878, 1930
41###AVL,642, 699, 1263, 1316, 1878, 1930
41###AVF,642, 699, 1263, 1316, 1878, 1930
41###V1,642, 699, 1263, 1316, 1878, 1930
41###V2,642, 699, 1263, 1316, 1878, 1930
41###V3,642, 699, 1263, 1316, 1878, 1930
41###V4,642, 699, 1263, 1316, 1878, 1930
41###V5,642, 699, 1263, 1316, 1878, 1930
41###V6,642, 699, 1263, 1316, 1878, 1930
42###I,503, 563, 1035, 1099, 1576, 1635
42###II,503, 563, 1035, 1099, 1576, 1635
42###III,503, 563, 1035, 1099, 1576, 1635
42###AVR,503, 563, 1035, 1099, 1576, 1635
42###AVL,503, 563, 1035, 1099, 1576, 1635
42###AVF,503, 563, 1035, 1099, 1576, 1635
42###V1,503, 563, 1035, 1099, 1576, 1635
42###V2,503, 563, 1035, 1099, 1576, 1635
42###V3,503, 563, 1035, 1099, 1576, 1635
42###V4,503, 563, 1035, 1099, 1576, 1635
42###V5,503, 563, 1035, 1099, 1576, 1635
42###V6,503, 563, 1035, 1099, 1576, 1635
43###I,579, 632, 1075, 1144, 1536, 1615
43###II,579, 632, 1075, 1144, 1536, 1615
43###III,579, 632, 1075, 1144, 1536, 1615
43###AVR,579, 632, 1075, 1144, 1536, 1615
43###AVL,579, 632, 1075, 1144, 1536, 1615
43###AVF,579, 632, 1075, 1144, 1536, 1615
43###V1,579, 632, 1075, 1144, 1536, 1615
43###V2,579, 632, 1075, 1144, 1536, 1615
43###V3,579, 632, 1075, 1144, 1536, 1615
43###V4,579, 632, 1075, 1144, 1536, 1615
43###V5,579, 632, 1075, 1144, 1536, 1615
43###V6,579, 632, 1075, 1144, 1536, 1615
46###I,740, 804, 1214, 1278, 1697, 1758
46###II,740, 804, 1214, 1278, 1697, 1758
46###III,740, 804, 1214, 1278, 1697, 1758
46###AVR,740, 804, 1214, 1278, 1697, 1758
46###AVL,740, 804, 1214, 1278, 1697, 1758
46###AVF,740, 804, 1214, 1278, 1697, 1758
46###V1,740, 804, 1214, 1278, 1697, 1758
46###V2,740, 804, 1214, 1278, 1697, 1758
46###V3,740, 804, 1214, 1278, 1697, 1758
46###V4,740, 804, 1214, 1278, 1697, 1758
46###V5,740, 804, 1214, 1278, 1697, 1758
46###V6,740, 804, 1214, 1278, 1697, 1758
47###I,182, 236, 821, 885, 1460, 1526
47###II,182, 236, 821, 885, 1460, 1526
47###III,182, 236, 821, 885, 1460, 1526
47###AVR,182, 236, 821, 885, 1460, 1526
47###AVL,182, 236, 821, 885, 1460, 1526
47###AVF,182, 236, 821, 885, 1460, 1526
47###V1,182, 236, 821, 885, 1460, 1526
47###V2,182, 236, 821, 885, 1460, 1526
47###V3,182, 236, 821, 885, 1460, 1526
47###V4,182, 236, 821, 885, 1460, 1526
47###V5,182, 236, 821, 885, 1460, 1526
47###V6,182, 236, 821, 885, 1460, 1526
48###I,363, 422, 872, 923, 1411, 1461
48###II,363, 422, 872, 923, 1411, 1461
48###III,363, 422, 872, 923, 1411, 1461
48###AVR,363, 422, 872, 923, 1411, 1461
48###AVL,363, 422, 872, 923, 1411, 1461
48###AVF,363, 422, 872, 923, 1411, 1461
48###V1,363, 422, 872, 923, 1411, 1461
48###V2,363, 422, 872, 923, 1411, 1461
48###V3,363, 422, 872, 923, 1411, 1461
48###V4,363, 422, 872, 923, 1411, 1461
48###V5,363, 422, 872, 923, 1411, 1461
48###V6,363, 422, 872, 923, 1411, 1461
49###I,240, 299, 801, 862, 1362, 1416
49###II,240, 299, 801, 862, 1362, 1416
49###III,240, 299, 801, 862, 1362, 1416
49###AVR,240, 299, 801, 862, 1362, 1416
49###AVL,240, 299, 801, 862, 1362, 1416
49###AVF,240, 299, 801, 862, 1362, 1416
49###V1,240, 299, 801, 862, 1362, 1416
49###V2,240, 299, 801, 862, 1362, 1416
49###V3,240, 299, 801, 862, 1362, 1416
49###V4,240, 299, 801, 862, 1362, 1416
49###V5,240, 299, 801, 862, 1362, 1416
49###V6,240, 299, 801, 862, 1362, 1416
5###I,354, 402, 915, 963, 1429, 1472
5###II,354, 402, 915, 963, 1429, 1472
5###III,354, 402, 915, 963, 1429, 1472
5###AVR,354, 402, 915, 963, 1429, 1472
5###AVL,354, 402, 915, 963, 1429, 1472
5###AVF,354, 402, 915, 963, 1429, 1472
5###V1,354, 402, 915, 963, 1429, 1472
5###V2,354, 402, 915, 963, 1429, 1472
5###V3,354, 402, 915, 963, 1429, 1472
5###V4,354, 402, 915, 963, 1429, 1472
5###V5,354, 402, 915, 963, 1429, 1472
5###V6,354, 402, 915, 963, 1429, 1472
50###I,649, 701, 1091, 1146, 1529, 1577
50###II,649, 701, 1091, 1146, 1529, 1577
50###III,649, 701, 1091, 1146, 1529, 1577
50###AVR,649, 701, 1091, 1146, 1529, 1577
50###AVL,649, 701, 1091, 1146, 1529, 1577
50###AVF,649, 701, 1091, 1146, 1529, 1577
50###V1,649, 701, 1091, 1146, 1529, 1577
50###V2,649, 701, 1091, 1146, 1529, 1577
50###V3,649, 701, 1091, 1146, 1529, 1577
50###V4,649, 701, 1091, 1146, 1529, 1577
50###V5,649, 701, 1091, 1146, 1529, 1577
50###V6,649, 701, 1091, 1146, 1529, 1577
53###I,474, 525, 957, 1014, 1433, 1486
53###II,474, 525, 957, 1014, 1433, 1486
53###III,474, 525, 957, 1014, 1433, 1486
53###AVR,474, 525, 957, 1014, 1433, 1486
53###AVL,474, 525, 957, 1014, 1433, 1486
53###AVF,474, 525, 957, 1014, 1433, 1486
53###V1,474, 525, 957, 1014, 1433, 1486
53###V2,474, 525, 957, 1014, 1433, 1486
53###V3,474, 525, 957, 1014, 1433, 1486
53###V4,474, 525, 957, 1014, 1433, 1486
53###V5,474, 525, 957, 1014, 1433, 1486
53###V6,474, 525, 957, 1014, 1433, 1486
54###I,485, 536, 1040, 1083, 1594, 1638
54###II,485, 536, 1040, 1083, 1594, 1638
54###III,485, 536, 1040, 1083, 1594, 1638
54###AVR,485, 536, 1040, 1083, 1594, 1638
54###AVL,485, 536, 1040, 1083, 1594, 1638
54###AVF,485, 536, 1040, 1083, 1594, 1638
54###V1,485, 536, 1040, 1083, 1594, 1638
54###V2,485, 536, 1040, 1083, 1594, 1638
54###V3,485, 536, 1040, 1083, 1594, 1638
54###V4,485, 536, 1040, 1083, 1594, 1638
54###V5,485, 536, 1040, 1083, 1594, 1638
54###V6,485, 536, 1040, 1083, 1594, 1638
55###I,756, 809, 1252, 1309, 1746, 1799
55###II,756, 809, 1252, 1309, 1746, 1799
55###III,756, 809, 1252, 1309, 1746, 1799
55###AVR,756, 809, 1252, 1309, 1746, 1799
55###AVL,756, 809, 1252, 1309, 1746, 1799
55###AVF,756, 809, 1252, 1309, 1746, 1799
55###V1,756, 809, 1252, 1309, 1746, 1799
55###V2,756, 809, 1252, 1309, 1746, 1799
55###V3,756, 809, 1252, 1309, 1746, 1799
55###V4,756, 809, 1252, 1309, 1746, 1799
55###V5,756, 809, 1252, 1309, 1746, 1799
55###V6,756, 809, 1252, 1309, 1746, 1799
56###I,742, 793, 1167, 1206, 1583, 1620
56###II,742, 793, 1167, 1206, 1583, 1620
56###III,742, 793, 1167, 1206, 1583, 1620
56###AVR,742, 793, 1167, 1206, 1583, 1620
56###AVL,742, 793, 1167, 1206, 1583, 1620
56###AVF,742, 793, 1167, 1206, 1583, 1620
56###V1,742, 793, 1167, 1206, 1583, 1620
56###V2,742, 793, 1167, 1206, 1583, 1620
56###V3,742, 793, 1167, 1206, 1583, 1620
56###V4,742, 793, 1167, 1206, 1583, 1620
56###V5,742, 793, 1167, 1206, 1583, 1620
56###V6,742, 793, 1167, 1206, 1583, 1620
57###I,734, 791, 1105, 1164, 1484, 1542
57###II,734, 791, 1105, 1164, 1484, 1542
57###III,734, 791, 1105, 1164, 1484, 1542
57###AVR,734, 791, 1105, 1164, 1484, 1542
57###AVL,734, 791, 1105, 1164, 1484, 1542
57###AVF,734, 791, 1105, 1164, 1484, 1542
57###V1,734, 791, 1105, 1164, 1484, 1542
57###V2,734, 791, 1105, 1164, 1484, 1542
57###V3,734, 791, 1105, 1164, 1484, 1542
57###V4,734, 791, 1105, 1164, 1484, 1542
57###V5,734, 791, 1105, 1164, 1484, 1542
57###V6,734, 791, 1105, 1164, 1484, 1542
58###I,604, 650, 1102, 1150, 1603, 1658
58###II,604, 650, 1102, 1150, 1603, 1658
58###III,604, 650, 1102, 1150, 1603, 1658
58###AVR,604, 650, 1102, 1150, 1603, 1658
58###AVL,604, 650, 1102, 1150, 1603, 1658
58###AVF,604, 650, 1102, 1150, 1603, 1658
58###V1,604, 650, 1102, 1150, 1603, 1658
58###V2,604, 650, 1102, 1150, 1603, 1658
58###V3,604, 650, 1102, 1150, 1603, 1658
58###V4,604, 650, 1102, 1150, 1603, 1658
58###V5,604, 650, 1102, 1150, 1603, 1658
58###V6,604, 650, 1102, 1150, 1603, 1658
59###I,443, 505, 1013, 1066, 1594, 1651
59###II,443, 505, 1013, 1066, 1594, 1651
59###III,443, 505, 1013, 1066, 1594, 1651
59###AVR,443, 505, 1013, 1066, 1594, 1651
59###AVL,443, 505, 1013, 1066, 1594, 1651
59###AVF,443, 505, 1013, 1066, 1594, 1651
59###V1,443, 505, 1013, 1066, 1594, 1651
59###V2,443, 505, 1013, 1066, 1594, 1651
59###V3,443, 505, 1013, 1066, 1594, 1651
59###V4,443, 505, 1013, 1066, 1594, 1651
59###V5,443, 505, 1013, 1066, 1594, 1651
59###V6,443, 505, 1013, 1066, 1594, 1651
6###I,664, 719, 1248, 1298, 1844, 1897
6###II,664, 719, 1248, 1298, 1844, 1897
6###III,664, 719, 1248, 1298, 1844, 1897
6###AVR,664, 719, 1248, 1298, 1844, 1897
6###AVL,664, 719, 1248, 1298, 1844, 1897
6###AVF,664, 719, 1248, 1298, 1844, 1897
6###V1,664, 719, 1248, 1298, 1844, 1897
6###V2,664, 719, 1248, 1298, 1844, 1897
6###V3,664, 719, 1248, 1298, 1844, 1897
6###V4,664, 719, 1248, 1298, 1844, 1897
6###V5,664, 719, 1248, 1298, 1844, 1897
6###V6,664, 719, 1248, 1298, 1844, 1897
60###I,477, 540, 1006, 1068, 1344, 1405
60###II,477, 540, 1006, 1068, 1344, 1405
60###III,477, 540, 1006, 1068, 1344, 1405
60###AVR,477, 540, 1006, 1068, 1344, 1405
60###AVL,477, 540, 1006, 1068, 1344, 1405
60###AVF,477, 540, 1006, 1068, 1344, 1405
60###V1,477, 540, 1006, 1068, 1344, 1405
60###V2,477, 540, 1006, 1068, 1344, 1405
60###V3,477, 540, 1006, 1068, 1344, 1405
60###V4,477, 540, 1006, 1068, 1344, 1405
60###V5,477, 540, 1006, 1068, 1344, 1405
60###V6,477, 540, 1006, 1068, 1344, 1405
61###I,561, 618, 1029, 1089, 1514, 1574
61###II,561, 618, 1029, 1089, 1514, 1574
61###III,561, 618, 1029, 1089, 1514, 1574
61###AVR,561, 618, 1029, 1089, 1514, 1574
61###AVL,561, 618, 1029, 1089, 1514, 1574
61###AVF,561, 618, 1029, 1089, 1514, 1574
61###V1,561, 618, 1029, 1089, 1514, 1574
61###V2,561, 618, 1029, 1089, 1514, 1574
61###V3,561, 618, 1029, 1089, 1514, 1574
61###V4,561, 618, 1029, 1089, 1514, 1574
61###V5,561, 618, 1029, 1089, 1514, 1574
61###V6,561, 618, 1029, 1089, 1514, 1574
62###I,718, 775, 1138, 1186, 1560, 1613
62###II,718, 775, 1138, 1186, 1560, 1613
62###III,718, 775, 1138, 1186, 1560, 1613
62###AVR,718, 775, 1138, 1186, 1560, 1613
62###AVL,718, 775, 1138, 1186, 1560, 1613
62###AVF,718, 775, 1138, 1186, 1560, 1613
62###V1,718, 775, 1138, 1186, 1560, 1613
62###V2,718, 775, 1138, 1186, 1560, 1613
62###V3,718, 775, 1138, 1186, 1560, 1613
62###V4,718, 775, 1138, 1186, 1560, 1613
62###V5,718, 775, 1138, 1186, 1560, 1613
62###V6,718, 775, 1138, 1186, 1560, 1613
63###I,532, 590, 928, 983, 1350, 1405
63###II,532, 590, 928, 983, 1350, 1405
63###III,532, 590, 928, 983, 1350, 1405
63###AVR,532, 590, 928, 983, 1350, 1405
63###AVL,532, 590, 928, 983, 1350, 1405
63###AVF,532, 590, 928, 983, 1350, 1405
63###V1,532, 590, 928, 983, 1350, 1405
63###V2,532, 590, 928, 983, 1350, 1405
63###V3,532, 590, 928, 983, 1350, 1405
63###V4,532, 590, 928, 983, 1350, 1405
63###V5,532, 590, 928, 983, 1350, 1405
63###V6,532, 590, 928, 983, 1350, 1405
64###I,1509, 1557, 1956, 2009, 2390, 2442
64###II,1509, 1557, 1956, 2009, 2390, 2442
64###III,1509, 1557, 1956, 2009, 2390, 2442
64###AVR,1509, 1557, 1956, 2009, 2390, 2442
64###AVL,1509, 1557, 1956, 2009, 2390, 2442
64###AVF,1509, 1557, 1956, 2009, 2390, 2442
64###V1,1509, 1557, 1956, 2009, 2390, 2442
64###V2,1509, 1557, 1956, 2009, 2390, 2442
64###V3,1509, 1557, 1956, 2009, 2390, 2442
64###V4,1509, 1557, 1956, 2009, 2390, 2442
64###V5,1509, 1557, 1956, 2009, 2390, 2442
64###V6,1509, 1557, 1956, 2009, 2390, 2442
65###I,423, 469, 774, 833, 1131, 1180
65###II,423, 469, 774, 833, 1131, 1180
65###III,423, 469, 774, 833, 1131, 1180
65###AVR,423, 469, 774, 833, 1131, 1180
65###AVL,423, 469, 774, 833, 1131, 1180
65###AVF,423, 469, 774, 833, 1131, 1180
65###V1,423, 469, 774, 833, 1131, 1180
65###V2,423, 469, 774, 833, 1131, 1180
65###V3,423, 469, 774, 833, 1131, 1180
65###V4,423, 469, 774, 833, 1131, 1180
65###V5,423, 469, 774, 833, 1131, 1180
65###V6,423, 469, 774, 833, 1131, 1180
66###I,848, 896, 1462, 1517, 1835, 1884
66###II,848, 896, 1462, 1517, 1835, 1884
66###III,848, 896, 1462, 1517, 1835, 1884
66###AVR,848, 896, 1462, 1517, 1835, 1884
66###AVL,848, 896, 1462, 1517, 1835, 1884
66###AVF,848, 896, 1462, 1517, 1835, 1884
66###V1,848, 896, 1462, 1517, 1835, 1884
66###V2,848, 896, 1462, 1517, 1835, 1884
66###V3,848, 896, 1462, 1517, 1835, 1884
66###V4,848, 896, 1462, 1517, 1835, 1884
66###V5,848, 896, 1462, 1517, 1835, 1884
66###V6,848, 896, 1462, 1517, 1835, 1884
67###I,255, 319, 783, 847, 1326, 1385
67###II,255, 319, 783, 847, 1326, 1385
67###III,255, 319, 783, 847, 1326, 1385
67###AVR,255, 319, 783, 847, 1326, 1385
67###AVL,255, 319, 783, 847, 1326, 1385
67###AVF,255, 319, 783, 847, 1326, 1385
67###V1,255, 319, 783, 847, 1326, 1385
67###V2,255, 319, 783, 847, 1326, 1385
67###V3,255, 319, 783, 847, 1326, 1385
67###V4,255, 319, 783, 847, 1326, 1385
67###V5,255, 319, 783, 847, 1326, 1385
67###V6,255, 319, 783, 847, 1326, 1385
68###I,427, 484, 906, 954, 1368, 1425
68###II,427, 484, 906, 954, 1368, 1425
68###III,427, 484, 906, 954, 1368, 1425
68###AVR,427, 484, 906, 954, 1368, 1425
68###AVL,427, 484, 906, 954, 1368, 1425
68###AVF,427, 484, 906, 954, 1368, 1425
68###V1,427, 484, 906, 954, 1368, 1425
68###V2,427, 484, 906, 954, 1368, 1425
68###V3,427, 484, 906, 954, 1368, 1425
68###V4,427, 484, 906, 954, 1368, 1425
68###V5,427, 484, 906, 954, 1368, 1425
68###V6,427, 484, 906, 954, 1368, 1425
69###I,624, 672, 1004, 1052, 1395, 1448
69###II,624, 672, 1004, 1052, 1395, 1448
69###III,624, 672, 1004, 1052, 1395, 1448
69###AVR,624, 672, 1004, 1052, 1395, 1448
69###AVL,624, 672, 1004, 1052, 1395, 1448
69###AVF,624, 672, 1004, 1052, 1395, 1448
69###V1,624, 672, 1004, 1052, 1395, 1448
69###V2,624, 672, 1004, 1052, 1395, 1448
69###V3,624, 672, 1004, 1052, 1395, 1448
69###V4,624, 672, 1004, 1052, 1395, 1448
69###V5,624, 672, 1004, 1052, 1395, 1448
69###V6,624, 672, 1004, 1052, 1395, 1448
7###I,394, 444, 894, 949, 1400, 1450
7###II,394, 444, 894, 949, 1400, 1450
7###III,394, 444, 894, 949, 1400, 1450
7###AVR,394, 444, 894, 949, 1400, 1450
7###AVL,394, 444, 894, 949, 1400, 1450
7###AVF,394, 444, 894, 949, 1400, 1450
7###V1,394, 444, 894, 949, 1400, 1450
7###V2,394, 444, 894, 949, 1400, 1450
7###V3,394, 444, 894, 949, 1400, 1450
7###V4,394, 444, 894, 949, 1400, 1450
7###V5,394, 444, 894, 949, 1400, 1450
7###V6,394, 444, 894, 949, 1400, 1450
70###I,606, 648, 941, 992, 1274, 1329
70###II,606, 648, 941, 992, 1274, 1329
70###III,606, 648, 941, 992, 1274, 1329
70###AVR,606, 648, 941, 992, 1274, 1329
70###AVL,606, 648, 941, 992, 1274, 1329
70###AVF,606, 648, 941, 992, 1274, 1329
70###V1,606, 648, 941, 992, 1274, 1329
70###V2,606, 648, 941, 992, 1274, 1329
70###V3,606, 648, 941, 992, 1274, 1329
70###V4,606, 648, 941, 992, 1274, 1329
70###V5,606, 648, 941, 992, 1274, 1329
70###V6,606, 648, 941, 992, 1274, 1329
71###I,456, 502, 939, 996, 1417, 1481
71###II,456, 502, 939, 996, 1417, 1481
71###III,456, 502, 939, 996, 1417, 1481
71###AVR,456, 502, 939, 996, 1417, 1481
71###AVL,456, 502, 939, 996, 1417, 1481
71###AVF,456, 502, 939, 996, 1417, 1481
71###V1,456, 502, 939, 996, 1417, 1481
71###V2,456, 502, 939, 996, 1417, 1481
71###V3,456, 502, 939, 996, 1417, 1481
71###V4,456, 502, 939, 996, 1417, 1481
71###V5,456, 502, 939, 996, 1417, 1481
71###V6,456, 502, 939, 996, 1417, 1481
72###I,702, 724, 1203, 1224, 1701, 1725
72###II,702, 724, 1203, 1224, 1701, 1725
72###III,702, 724, 1203, 1224, 1701, 1725
72###AVR,702, 724, 1203, 1224, 1701, 1725
72###AVL,702, 724, 1203, 1224, 1701, 1725
72###AVF,702, 724, 1203, 1224, 1701, 1725
72###V1,702, 724, 1203, 1224, 1701, 1725
72###V2,702, 724, 1203, 1224, 1701, 1725
72###V3,702, 724, 1203, 1224, 1701, 1725
72###V4,702, 724, 1203, 1224, 1701, 1725
72###V5,702, 724, 1203, 1224, 1701, 1725
72###V6,702, 724, 1203, 1224, 1701, 1725
73###I,725, 777, 1239, 1291, 1748, 1803
73###II,725, 777, 1239, 1291, 1748, 1803
73###III,725, 777, 1239, 1291, 1748, 1803
73###AVR,725, 777, 1239, 1291, 1748, 1803
73###AVL,725, 777, 1239, 1291, 1748, 1803
73###AVF,725, 777, 1239, 1291, 1748, 1803
73###V1,725, 777, 1239, 1291, 1748, 1803
73###V2,725, 777, 1239, 1291, 1748, 1803
73###V3,725, 777, 1239, 1291, 1748, 1803
73###V4,725, 777, 1239, 1291, 1748, 1803
73###V5,725, 777, 1239, 1291, 1748, 1803
73###V6,725, 777, 1239, 1291, 1748, 1803
74###I,468, 511, 993, 1028, 1552, 1589
74###II,468, 511, 993, 1028, 1552, 1589
74###III,468, 511, 993, 1028, 1552, 1589
74###AVR,468, 511, 993, 1028, 1552, 1589
74###AVL,468, 511, 993, 1028, 1552, 1589
74###AVF,468, 511, 993, 1028, 1552, 1589
74###V1,468, 511, 993, 1028, 1552, 1589
74###V2,468, 511, 993, 1028, 1552, 1589
74###V3,468, 511, 993, 1028, 1552, 1589
74###V4,468, 511, 993, 1028, 1552, 1589
74###V5,468, 511, 993, 1028, 1552, 1589
74###V6,468, 511, 993, 1028, 1552, 1589
75###I,506, 556, 988, 1041, 1476, 1530
75###II,506, 556, 988, 1041, 1476, 1530
75###III,506, 556, 988, 1041, 1476, 1530
75###AVR,506, 556, 988, 1041, 1476, 1530
75###AVL,506, 556, 988, 1041, 1476, 1530
75###AVF,506, 556, 988, 1041, 1476, 1530
75###V1,506, 556, 988, 1041, 1476, 1530
75###V2,506, 556, 988, 1041, 1476, 1530
75###V3,506, 556, 988, 1041, 1476, 1530
75###V4,506, 556, 988, 1041, 1476, 1530
75###V5,506, 556, 988, 1041, 1476, 1530
75###V6,506, 556, 988, 1041, 1476, 1530
76###I,548, 622, 953, 1024, 1364, 1438, 1757, 1832, 2166, 2241
76###II,548, 622, 953, 1024, 1364, 1438, 1757, 1832, 2166, 2241
76###III,548, 622, 953, 1024, 1364, 1438, 1757, 1832, 2166, 2241
76###AVR,548, 622, 953, 1024, 1364, 1438, 1757, 1832, 2166, 2241
76###AVL,548, 622, 953, 1024, 1364, 1438, 1757, 1832, 2166, 2241
76###AVF,548, 622, 953, 1024, 1364, 1438, 1757, 1832, 2166, 2241
76###V1,548, 622, 953, 1024, 1364, 1438, 1757, 1832, 2166, 2241
76###V2,548, 622, 953, 1024, 1364, 1438, 1757, 1832, 2166, 2241
76###V3,548, 622, 953, 1024, 1364, 1438, 1757, 1832, 2166, 2241
76###V4,548, 622, 953, 1024, 1364, 1438, 1757, 1832, 2166, 2241
76###V5,548, 622, 953, 1024, 1364, 1438, 1757, 1832, 2166, 2241
76###V6,548, 622, 953, 1024, 1364, 1438, 1757, 1832, 2166, 2241
77###I,202, 268, 595, 670, 993, 1059
77###II,202, 268, 595, 670, 993, 1059
77###III,202, 268, 595, 670, 993, 1059
77###AVR,202, 268, 595, 670, 993, 1059
77###AVL,202, 268, 595, 670, 993, 1059
77###AVF,202, 268, 595, 670, 993, 1059
77###V1,202, 268, 595, 670, 993, 1059
77###V2,202, 268, 595, 670, 993, 1059
77###V3,202, 268, 595, 670, 993, 1059
77###V4,202, 268, 595, 670, 993, 1059
77###V5,202, 268, 595, 670, 993, 1059
77###V6,202, 268, 595, 670, 993, 1059
78###I,608, 657, 977, 1025, 1540, 1597
78###II,608, 657, 977, 1025, 1540, 1597
78###III,608, 657, 977, 1025, 1540, 1597
78###AVR,608, 657, 977, 1025, 1540, 1597
78###AVL,608, 657, 977, 1025, 1540, 1597
78###AVF,608, 657, 977, 1025, 1540, 1597
78###V1,608, 657, 977, 1025, 1540, 1597
78###V2,608, 657, 977, 1025, 1540, 1597
78###V3,608, 657, 977, 1025, 1540, 1597
78###V4,608, 657, 977, 1025, 1540, 1597
78###V5,608, 657, 977, 1025, 1540, 1597
78###V6,608, 657, 977, 1025, 1540, 1597
79###I,508, 565, 1044, 1112, 1560, 1627
79###II,508, 565, 1044, 1112, 1560, 1627
79###III,508, 565, 1044, 1112, 1560, 1627
79###AVR,508, 565, 1044, 1112, 1560, 1627
79###AVL,508, 565, 1044, 1112, 1560, 1627
79###AVF,508, 565, 1044, 1112, 1560, 1627
79###V1,508, 565, 1044, 1112, 1560, 1627
79###V2,508, 565, 1044, 1112, 1560, 1627
79###V3,508, 565, 1044, 1112, 1560, 1627
79###V4,508, 565, 1044, 1112, 1560, 1627
79###V5,508, 565, 1044, 1112, 1560, 1627
79###V6,508, 565, 1044, 1112, 1560, 1627
80###I,669, 724, 1069, 1128, 1471, 1526
80###II,669, 724, 1069, 1128, 1471, 1526
80###III,669, 724, 1069, 1128, 1471, 1526
80###AVR,669, 724, 1069, 1128, 1471, 1526
80###AVL,669, 724, 1069, 1128, 1471, 1526
80###AVF,669, 724, 1069, 1128, 1471, 1526
80###V1,669, 724, 1069, 1128, 1471, 1526
80###V2,669, 724, 1069, 1128, 1471, 1526
80###V3,669, 724, 1069, 1128, 1471, 1526
80###V4,669, 724, 1069, 1128, 1471, 1526
80###V5,669, 724, 1069, 1128, 1471, 1526
80###V6,669, 724, 1069, 1128, 1471, 1526
81###I,917, 977, 1297, 1351, 1695, 1752
81###II,917, 977, 1297, 1351, 1695, 1752
81###III,917, 977, 1297, 1351, 1695, 1752
81###AVR,917, 977, 1297, 1351, 1695, 1752
81###AVL,917, 977, 1297, 1351, 1695, 1752
81###AVF,917, 977, 1297, 1351, 1695, 1752
81###V1,917, 977, 1297, 1351, 1695, 1752
81###V2,917, 977, 1297, 1351, 1695, 1752
81###V3,917, 977, 1297, 1351, 1695, 1752
81###V4,917, 977, 1297, 1351, 1695, 1752
81###V5,917, 977, 1297, 1351, 1695, 1752
81###V6,917, 977, 1297, 1351, 1695, 1752
82###I,190, 239, 821, 882, 1417, 1470
82###II,190, 239, 821, 882, 1417, 1470
82###III,190, 239, 821, 882, 1417, 1470
82###AVR,190, 239, 821, 882, 1417, 1470
82###AVL,190, 239, 821, 882, 1417, 1470
82###AVF,190, 239, 821, 882, 1417, 1470
82###V1,190, 239, 821, 882, 1417, 1470
82###V2,190, 239, 821, 882, 1417, 1470
82###V3,190, 239, 821, 882, 1417, 1470
82###V4,190, 239, 821, 882, 1417, 1470
82###V5,190, 239, 821, 882, 1417, 1470
82###V6,190, 239, 821, 882, 1417, 1470
84###I,633, 686, 1122, 1180, 1619, 1682
84###II,633, 686, 1122, 1180, 1619, 1682
84###III,633, 686, 1122, 1180, 1619, 1682
84###AVR,633, 686, 1122, 1180, 1619, 1682
84###AVL,633, 686, 1122, 1180, 1619, 1682
84###AVF,633, 686, 1122, 1180, 1619, 1682
84###V1,633, 686, 1122, 1180, 1619, 1682
84###V2,633, 686, 1122, 1180, 1619, 1682
84###V3,633, 686, 1122, 1180, 1619, 1682
84###V4,633, 686, 1122, 1180, 1619, 1682
84###V5,633, 686, 1122, 1180, 1619, 1682
84###V6,633, 686, 1122, 1180, 1619, 1682
85###I,622, 681, 1022, 1079, 1422, 1470
85###II,622, 681, 1022, 1079, 1422, 1470
85###III,622, 681, 1022, 1079, 1422, 1470
85###AVR,622, 681, 1022, 1079, 1422, 1470
85###AVL,622, 681, 1022, 1079, 1422, 1470
85###AVF,622, 681, 1022, 1079, 1422, 1470
85###V1,622, 681, 1022, 1079, 1422, 1470
85###V2,622, 681, 1022, 1079, 1422, 1470
85###V3,622, 681, 1022, 1079, 1422, 1470
85###V4,622, 681, 1022, 1079, 1422, 1470
85###V5,622, 681, 1022, 1079, 1422, 1470
85###V6,622, 681, 1022, 1079, 1422, 1470
86###I,532, 581, 861, 914, 1196, 1244
86###II,532, 581, 861, 914, 1196, 1244
86###III,532, 581, 861, 914, 1196, 1244
86###AVR,532, 581, 861, 914, 1196, 1244
86###AVL,532, 581, 861, 914, 1196, 1244
86###AVF,532, 581, 861, 914, 1196, 1244
86###V1,532, 581, 861, 914, 1196, 1244
86###V2,532, 581, 861, 914, 1196, 1244
86###V3,532, 581, 861, 914, 1196, 1244
86###V4,532, 581, 861, 914, 1196, 1244
86###V5,532, 581, 861, 914, 1196, 1244
86###V6,532, 581, 861, 914, 1196, 1244
87###I,557, 601, 874, 927, 1205, 1253
87###II,557, 601, 874, 927, 1205, 1253
87###III,557, 601, 874, 927, 1205, 1253
87###AVR,557, 601, 874, 927, 1205, 1253
87###AVL,557, 601, 874, 927, 1205, 1253
87###AVF,557, 601, 874, 927, 1205, 1253
87###V1,557, 601, 874, 927, 1205, 1253
87###V2,557, 601, 874, 927, 1205, 1253
87###V3,557, 601, 874, 927, 1205, 1253
87###V4,557, 601, 874, 927, 1205, 1253
87###V5,557, 601, 874, 927, 1205, 1253
87###V6,557, 601, 874, 927, 1205, 1253
89###I,260, 310, 658, 699, 1060, 1110
89###II,260, 310, 658, 699, 1060, 1110
89###III,260, 310, 658, 699, 1060, 1110
89###AVR,260, 310, 658, 699, 1060, 1110
89###AVL,260, 310, 658, 699, 1060, 1110
89###AVF,260, 310, 658, 699, 1060, 1110
89###V1,260, 310, 658, 699, 1060, 1110
89###V2,260, 310, 658, 699, 1060, 1110
89###V3,260, 310, 658, 699, 1060, 1110
89###V4,260, 310, 658, 699, 1060, 1110
89###V5,260, 310, 658, 699, 1060, 1110
89###V6,260, 310, 658, 699, 1060, 1110
9###I,211, 272, 622, 679, 1040, 1099
9###II,211, 272, 622, 679, 1040, 1099
9###III,211, 272, 622, 679, 1040, 1099
9###AVR,211, 272, 622, 679, 1040, 1099
9###AVL,211, 272, 622, 679, 1040, 1099
9###AVF,211, 272, 622, 679, 1040, 1099
9###V1,211, 272, 622, 679, 1040, 1099
9###V2,211, 272, 622, 679, 1040, 1099
9###V3,211, 272, 622, 679, 1040, 1099
9###V4,211, 272, 622, 679, 1040, 1099
9###V5,211, 272, 622, 679, 1040, 1099
9###V6,211, 272, 622, 679, 1040, 1099
91###I,450, 500, 812, 869, 1185, 1247
91###II,450, 500, 812, 869, 1185, 1247
91###III,450, 500, 812, 869, 1185, 1247
91###AVR,450, 500, 812, 869, 1185, 1247
91###AVL,450, 500, 812, 869, 1185, 1247
91###AVF,450, 500, 812, 869, 1185, 1247
91###V1,450, 500, 812, 869, 1185, 1247
91###V2,450, 500, 812, 869, 1185, 1247
91###V3,450, 500, 812, 869, 1185, 1247
91###V4,450, 500, 812, 869, 1185, 1247
91###V5,450, 500, 812, 869, 1185, 1247
91###V6,450, 500, 812, 869, 1185, 1247
92###I,333, 388, 644, 699, 953, 1003
92###II,333, 388, 644, 699, 953, 1003
92###III,333, 388, 644, 699, 953, 1003
92###AVR,333, 388, 644, 699, 953, 1003
92###AVL,333, 388, 644, 699, 953, 1003
92###AVF,333, 388, 644, 699, 953, 1003
92###V1,333, 388, 644, 699, 953, 1003
92###V2,333, 388, 644, 699, 953, 1003
92###V3,333, 388, 644, 699, 953, 1003
92###V4,333, 388, 644, 699, 953, 1003
92###V5,333, 388, 644, 699, 953, 1003
92###V6,333, 388, 644, 699, 953, 1003
94###I,233, 286, 617, 670, 999, 1052
94###II,233, 286, 617, 670, 999, 1052
94###III,233, 286, 617, 670, 999, 1052
94###AVR,233, 286, 617, 670, 999, 1052
94###AVL,233, 286, 617, 670, 999, 1052
94###AVF,233, 286, 617, 670, 999, 1052
94###V1,233, 286, 617, 670, 999, 1052
94###V2,233, 286, 617, 670, 999, 1052
94###V3,233, 286, 617, 670, 999, 1052
94###V4,233, 286, 617, 670, 999, 1052
94###V5,233, 286, 617, 670, 999, 1052
94###V6,233, 286, 617, 670, 999, 1052
97###I,591, 636, 1087, 1135, 1572, 1620
97###II,591, 636, 1087, 1135, 1572, 1620
97###III,591, 636, 1087, 1135, 1572, 1620
97###AVR,591, 636, 1087, 1135, 1572, 1620
97###AVL,591, 636, 1087, 1135, 1572, 1620
97###AVF,591, 636, 1087, 1135, 1572, 1620
97###V1,591, 636, 1087, 1135, 1572, 1620
97###V2,591, 636, 1087, 1135, 1572, 1620
97###V3,591, 636, 1087, 1135, 1572, 1620
97###V4,591, 636, 1087, 1135, 1572, 1620
97###V5,591, 636, 1087, 1135, 1572, 1620
97###V6,591, 636, 1087, 1135, 1572, 1620
98###I,155, 223, 637, 708, 1116, 1180
98###II,155, 223, 637, 708, 1116, 1180
98###III,155, 223, 637, 708, 1116, 1180
98###AVR,155, 223, 637, 708, 1116, 1180
98###AVL,155, 223, 637, 708, 1116, 1180
98###AVF,155, 223, 637, 708, 1116, 1180
98###V1,155, 223, 637, 708, 1116, 1180
98###V2,155, 223, 637, 708, 1116, 1180
98###V3,155, 223, 637, 708, 1116, 1180
98###V4,155, 223, 637, 708, 1116, 1180
98###V5,155, 223, 637, 708, 1116, 1180
98###V6,155, 223, 637, 708, 1116, 1180
99###I,635, 683, 977, 1021, 1310, 1347
99###II,635, 683, 977, 1021, 1310, 1347
99###III,635, 683, 977, 1021, 1310, 1347
99###AVR,635, 683, 977, 1021, 1310, 1347
99###AVL,635, 683, 977, 1021, 1310, 1347
99###AVF,635, 683, 977, 1021, 1310, 1347
99###V1,635, 683, 977, 1021, 1310, 1347
99###V2,635, 683, 977, 1021, 1310, 1347
99###V3,635, 683, 977, 1021, 1310, 1347
99###V4,635, 683, 977, 1021, 1310, 1347
99###V5,635, 683, 977, 1021, 1310, 1347
99###V6,635, 683, 977, 1021, 1310, 1347
