E01143###I,2511, 2553, 3112, 3145
E01143###II,2511, 2553, 3112, 3145
E01143###III,2511, 2553, 3112, 3145
E01143###AVR,2511, 2553, 3112, 3145
E01143###AVL,2511, 2553, 3112, 3145
E01143###AVF,2511, 2553, 3112, 3145
E01143###V1,2511, 2553, 3112, 3145
E01143###V2,2511, 2553, 3112, 3145
E01143###V3,2511, 2553, 3112, 3145
E01143###V4,2511, 2553, 3112, 3145
E01143###V5,2511, 2553, 3112, 3145
E01143###V6,2511, 2553, 3112, 3145
E06842###I,2113, 2162, 2614, 2663
E06842###II,2113, 2162, 2614, 2663
E06842###III,2113, 2162, 2614, 2663
E06842###AVR,2113, 2162, 2614, 2663
E06842###AVL,2113, 2162, 2614, 2663
E06842###AVF,2113, 2162, 2614, 2663
E06842###V1,2113, 2162, 2614, 2663
E06842###V2,2113, 2162, 2614, 2663
E06842###V3,2113, 2162, 2614, 2663
E06842###V4,2113, 2162, 2614, 2663
E06842###V5,2113, 2162, 2614, 2663
E06842###V6,2113, 2162, 2614, 2663
E03787###I,2861, 2901
E03787###II,2861, 2901
E03787###III,2861, 2901
E03787###AVR,2861, 2901
E03787###AVL,2861, 2901
E03787###AVF,2861, 2901
E03787###V1,2861, 2901
E03787###V2,2861, 2901
E03787###V3,2861, 2901
E03787###V4,2861, 2901
E03787###V5,2861, 2901
E03787###V6,2861, 2901
E03833###I,2811, 2860, 3129, 3175, 3346, 3375
E03833###II,2811, 2860, 3129, 3175, 3346, 3375
E03833###III,2811, 2860, 3129, 3175, 3346, 3375
E03833###AVR,2811, 2860, 3129, 3175, 3346, 3375
E03833###AVL,2811, 2860, 3129, 3175, 3346, 3375
E03833###AVF,2811, 2860, 3129, 3175, 3346, 3375
E03833###V1,2811, 2860, 3129, 3175, 3346, 3375
E03833###V2,2811, 2860, 3129, 3175, 3346, 3375
E03833###V3,2811, 2860, 3129, 3175, 3346, 3375
E03833###V4,2811, 2860, 3129, 3175, 3346, 3375
E03833###V5,2811, 2860, 3129, 3175, 3346, 3375
E03833###V6,2811, 2860, 3129, 3175, 3346, 3375
S0467###I,28804, 28915, 29463, 29584, 30123, 30244, 30792, 30904
S0467###II,28804, 28915, 29463, 29584, 30123, 30244, 30792, 30904
S0467###III,28804, 28915, 29463, 29584, 30123, 30244, 30792, 30904
S0467###AVR,28804, 28915, 29463, 29584, 30123, 30244, 30792, 30904
S0467###AVL,28804, 28915, 29463, 29584, 30123, 30244, 30792, 30904
S0467###AVF,28804, 28915, 29463, 29584, 30123, 30244, 30792, 30904
S0467###V1,28804, 28915, 29463, 29584, 30123, 30244, 30792, 30904
S0467###V2,28804, 28915, 29463, 29584, 30123, 30244, 30792, 30904
S0467###V3,28804, 28915, 29463, 29584, 30123, 30244, 30792, 30904
S0467###V4,28804, 28915, 29463, 29584, 30123, 30244, 30792, 30904
S0467###V5,28804, 28915, 29463, 29584, 30123, 30244, 30792, 30904
S0467###V6,28804, 28915, 29463, 29584, 30123, 30244, 30792, 30904
S0416###I,7749, 7876, 8627, 8753, 9512, 9639
S0416###II,7749, 7876, 8627, 8753, 9512, 9639
S0416###III,7749, 7876, 8627, 8753, 9512, 9639
S0416###AVR,7749, 7876, 8627, 8753, 9512, 9639
S0416###AVL,7749, 7876, 8627, 8753, 9512, 9639
S0416###AVF,7749, 7876, 8627, 8753, 9512, 9639
S0416###V1,7749, 7876, 8627, 8753, 9512, 9639
S0416###V2,7749, 7876, 8627, 8753, 9512, 9639
S0416###V3,7749, 7876, 8627, 8753, 9512, 9639
S0416###V4,7749, 7876, 8627, 8753, 9512, 9639
S0416###V5,7749, 7876, 8627, 8753, 9512, 9639
S0416###V6,7749, 7876, 8627, 8753, 9512, 9639
S0342###I,7246, 7389, 8108, 8235, 9074, 9192
S0342###II,7246, 7389, 8108, 8235, 9074, 9192
S0342###III,7246, 7389, 8108, 8235, 9074, 9192
S0342###AVR,7246, 7389, 8108, 8235, 9074, 9192
S0342###AVL,7246, 7389, 8108, 8235, 9074, 9192
S0342###AVF,7246, 7389, 8108, 8235, 9074, 9192
S0342###V1,7246, 7389, 8108, 8235, 9074, 9192
S0342###V2,7246, 7389, 8108, 8235, 9074, 9192
S0342###V3,7246, 7389, 8108, 8235, 9074, 9192
S0342###V4,7246, 7389, 8108, 8235, 9074, 9192
S0342###V5,7246, 7389, 8108, 8235, 9074, 9192
S0342###V6,7246, 7389, 8108, 8235, 9074, 9192
HR04838###I,1466, 1526
HR04838###II,1466, 1526
HR04838###III,1466, 1526
HR04838###AVR,1466, 1526
HR04838###AVL,1466, 1526
HR04838###AVF,1466, 1526
HR04838###V1,1466, 1526
HR04838###V2,1466, 1526
HR04838###V3,1466, 1526
HR04838###V4,1466, 1526
HR04838###V5,1466, 1526
HR04838###V6,1466, 1526
HR17557###I,1039, 1093, 1382, 1433, 1732, 1775, 2048, 2116
HR17557###II,1039, 1093, 1382, 1433, 1732, 1775, 2048, 2116
HR17557###III,1039, 1093, 1382, 1433, 1732, 1775, 2048, 2116
HR17557###AVR,1039, 1093, 1382, 1433, 1732, 1775, 2048, 2116
HR17557###AVL,1039, 1093, 1382, 1433, 1732, 1775, 2048, 2116
HR17557###AVF,1039, 1093, 1382, 1433, 1732, 1775, 2048, 2116
HR17557###V1,1039, 1093, 1382, 1433, 1732, 1775, 2048, 2116
HR17557###V2,1039, 1093, 1382, 1433, 1732, 1775, 2048, 2116
HR17557###V3,1039, 1093, 1382, 1433, 1732, 1775, 2048, 2116
HR17557###V4,1039, 1093, 1382, 1433, 1732, 1775, 2048, 2116
HR17557###V5,1039, 1093, 1382, 1433, 1732, 1775, 2048, 2116
HR17557###V6,1039, 1093, 1382, 1433, 1732, 1775, 2048, 2116
Q2177###I,109, 153, 368, 419, 626, 673, 885, 929
Q2177###II,109, 153, 368, 419, 626, 673, 885, 929
Q2177###III,109, 153, 368, 419, 626, 673, 885, 929
Q2177###AVR,109, 153, 368, 419, 626, 673, 885, 929
Q2177###AVL,109, 153, 368, 419, 626, 673, 885, 929
Q2177###AVF,109, 153, 368, 419, 626, 673, 885, 929
Q2177###V1,109, 153, 368, 419, 626, 673, 885, 929
Q2177###V2,109, 153, 368, 419, 626, 673, 885, 929
Q2177###V3,109, 153, 368, 419, 626, 673, 885, 929
Q2177###V4,109, 153, 368, 419, 626, 673, 885, 929
Q2177###V5,109, 153, 368, 419, 626, 673, 885, 929
Q2177###V6,109, 153, 368, 419, 626, 673, 885, 929
