E01143###I,2086, 2211, 2704, 2819, 3296, 3428
E01143###II,2086, 2211, 2704, 2819, 3296, 3428
E01143###III,2086, 2211, 2704, 2819, 3296, 3428
E01143###AVR,2086, 2211, 2704, 2819, 3296, 3428
E01143###AVL,2086, 2211, 2704, 2819, 3296, 3428
E01143###AVF,2086, 2211, 2704, 2819, 3296, 3428
E01143###V1,2086, 2211, 2704, 2819, 3296, 3428
E01143###V2,2086, 2211, 2704, 2819, 3296, 3428
E01143###V3,2086, 2211, 2704, 2819, 3296, 3428
E01143###V4,2086, 2211, 2704, 2819, 3296, 3428
E01143###V5,2086, 2211, 2704, 2819, 3296, 3428
E01143###V6,2086, 2211, 2704, 2819, 3296, 3428
E06842###I,2350, 2473, 2861, 2984, 3192, 3302
E06842###II,2350, 2473, 2861, 2984, 3192, 3302
E06842###III,2350, 2473, 2861, 2984, 3192, 3302
E06842###AVR,2350, 2473, 2861, 2984, 3192, 3302
E06842###AVL,2350, 2473, 2861, 2984, 3192, 3302
E06842###AVF,2350, 2473, 2861, 2984, 3192, 3302
E06842###V1,2350, 2473, 2861, 2984, 3192, 3302
E06842###V2,2350, 2473, 2861, 2984, 3192, 3302
E06842###V3,2350, 2473, 2861, 2984, 3192, 3302
E06842###V4,2350, 2473, 2861, 2984, 3192, 3302
E06842###V5,2350, 2473, 2861, 2984, 3192, 3302
E06842###V6,2350, 2473, 2861, 2984, 3192, 3302
E03787###I,2370, 2479, 2678, 2787, 2982, 3098
E03787###II,2370, 2479, 2678, 2787, 2982, 3098
E03787###III,2370, 2479, 2678, 2787, 2982, 3098
E03787###AVR,2370, 2479, 2678, 2787, 2982, 3098
E03787###AVL,2370, 2479, 2678, 2787, 2982, 3098
E03787###AVF,2370, 2479, 2678, 2787, 2982, 3098
E03787###V1,2370, 2479, 2678, 2787, 2982, 3098
E03787###V2,2370, 2479, 2678, 2787, 2982, 3098
E03787###V3,2370, 2479, 2678, 2787, 2982, 3098
E03787###V4,2370, 2479, 2678, 2787, 2982, 3098
E03787###V5,2370, 2479, 2678, 2787, 2982, 3098
E03787###V6,2370, 2479, 2678, 2787, 2982, 3098
E09122###I,3226, 3328, 3647, 3733, 3894, 4030
E09122###II,3226, 3328, 3647, 3733, 3894, 4030
E09122###III,3226, 3328, 3647, 3733, 3894, 4030
E09122###AVR,3226, 3328, 3647, 3733, 3894, 4030
E09122###AVL,3226, 3328, 3647, 3733, 3894, 4030
E09122###AVF,3226, 3328, 3647, 3733, 3894, 4030
E09122###V1,3226, 3328, 3647, 3733, 3894, 4030
E09122###V2,3226, 3328, 3647, 3733, 3894, 4030
E09122###V3,3226, 3328, 3647, 3733, 3894, 4030
E09122###V4,3226, 3328, 3647, 3733, 3894, 4030
E09122###V5,3226, 3328, 3647, 3733, 3894, 4030
E09122###V6,3226, 3328, 3647, 3733, 3894, 4030
E03254###I,2932, 3054, 3232, 3348, 3527, 3639, 3821, 3930
E03254###II,2932, 3054, 3232, 3348, 3527, 3639, 3821, 3930
E03254###III,2932, 3054, 3232, 3348, 3527, 3639, 3821, 3930
E03254###AVR,2932, 3054, 3232, 3348, 3527, 3639, 3821, 3930
E03254###AVL,2932, 3054, 3232, 3348, 3527, 3639, 3821, 3930
E03254###AVF,2932, 3054, 3232, 3348, 3527, 3639, 3821, 3930
E03254###V1,2932, 3054, 3232, 3348, 3527, 3639, 3821, 3930
E03254###V2,2932, 3054, 3232, 3348, 3527, 3639, 3821, 3930
E03254###V3,2932, 3054, 3232, 3348, 3527, 3639, 3821, 3930
E03254###V4,2932, 3054, 3232, 3348, 3527, 3639, 3821, 3930
E03254###V5,2932, 3054, 3232, 3348, 3527, 3639, 3821, 3930
E03254###V6,2932, 3054, 3232, 3348, 3527, 3639, 3821, 3930
E03833###I,2694, 2790, 2975, 3061, 3279, 3372
E03833###II,2694, 2790, 2975, 3061, 3279, 3372
E03833###III,2694, 2790, 2975, 3061, 3279, 3372
E03833###AVR,2694, 2790, 2975, 3061, 3279, 3372
E03833###AVL,2694, 2790, 2975, 3061, 3279, 3372
E03833###AVF,2694, 2790, 2975, 3061, 3279, 3372
E03833###V1,2694, 2790, 2975, 3061, 3279, 3372
E03833###V2,2694, 2790, 2975, 3061, 3279, 3372
E03833###V3,2694, 2790, 2975, 3061, 3279, 3372
E03833###V4,2694, 2790, 2975, 3061, 3279, 3372
E03833###V5,2694, 2790, 2975, 3061, 3279, 3372
E03833###V6,2694, 2790, 2975, 3061, 3279, 3372
S0467###I,29204, 29408, 29874, 30058, 30519, 30718
S0467###II,29204, 29408, 29874, 30058, 30519, 30718
S0467###III,29204, 29408, 29874, 30058, 30519, 30718
S0467###AVR,29204, 29408, 29874, 30058, 30519, 30718
S0467###AVL,29204, 29408, 29874, 30058, 30519, 30718
S0467###AVF,29204, 29408, 29874, 30058, 30519, 30718
S0467###V1,29204, 29408, 29874, 30058, 30519, 30718
S0467###V2,29204, 29408, 29874, 30058, 30519, 30718
S0467###V3,29204, 29408, 29874, 30058, 30519, 30718
S0467###V4,29204, 29408, 29874, 30058, 30519, 30718
S0467###V5,29204, 29408, 29874, 30058, 30519, 30718
S0467###V6,29204, 29408, 29874, 30058, 30519, 30718
S0416###I,8220, 8546, 9098, 9416, 9983, 10294
S0416###II,8220, 8546, 9098, 9416, 9983, 10294
S0416###III,8220, 8546, 9098, 9416, 9983, 10294
S0416###AVR,8220, 8546, 9098, 9416, 9983, 10294
S0416###AVL,8220, 8546, 9098, 9416, 9983, 10294
S0416###AVF,8220, 8546, 9098, 9416, 9983, 10294
S0416###V1,8220, 8546, 9098, 9416, 9983, 10294
S0416###V2,8220, 8546, 9098, 9416, 9983, 10294
S0416###V3,8220, 8546, 9098, 9416, 9983, 10294
S0416###V4,8220, 8546, 9098, 9416, 9983, 10294
S0416###V5,8220, 8546, 9098, 9416, 9983, 10294
S0416###V6,8220, 8546, 9098, 9416, 9983, 10294
S0342###I,7581, 7963, 8451, 8817, 9393, 9767
S0342###II,7581, 7963, 8451, 8817, 9393, 9767
S0342###III,7581, 7963, 8451, 8817, 9393, 9767
S0342###AVR,7581, 7963, 8451, 8817, 9393, 9767
S0342###AVL,7581, 7963, 8451, 8817, 9393, 9767
S0342###AVF,7581, 7963, 8451, 8817, 9393, 9767
S0342###V1,7581, 7963, 8451, 8817, 9393, 9767
S0342###V2,7581, 7963, 8451, 8817, 9393, 9767
S0342###V3,7581, 7963, 8451, 8817, 9393, 9767
S0342###V4,7581, 7963, 8451, 8817, 9393, 9767
S0342###V5,7581, 7963, 8451, 8817, 9393, 9767
S0342###V6,7581, 7963, 8451, 8817, 9393, 9767
HR04838###I,1156, 1344, 1784, 1920, 2392, 2546
HR04838###II,1156, 1344, 1784, 1920, 2392, 2546
HR04838###III,1156, 1344, 1784, 1920, 2392, 2546
HR04838###AVR,1156, 1344, 1784, 1920, 2392, 2546
HR04838###AVL,1156, 1344, 1784, 1920, 2392, 2546
HR04838###AVF,1156, 1344, 1784, 1920, 2392, 2546
HR04838###V1,1156, 1344, 1784, 1920, 2392, 2546
HR04838###V2,1156, 1344, 1784, 1920, 2392, 2546
HR04838###V3,1156, 1344, 1784, 1920, 2392, 2546
HR04838###V4,1156, 1344, 1784, 1920, 2392, 2546
HR04838###V5,1156, 1344, 1784, 1920, 2392, 2546
HR04838###V6,1156, 1344, 1784, 1920, 2392, 2546
HR17557###I,1219, 1296, 1557, 1636, 1893, 1973, 2231, 2280, 2283, 2321
HR17557###II,1219, 1296, 1557, 1636, 1893, 1973, 2231, 2280, 2283, 2321
HR17557###III,1219, 1296, 1557, 1636, 1893, 1973, 2231, 2280, 2283, 2321
HR17557###AVR,1219, 1296, 1557, 1636, 1893, 1973, 2231, 2280, 2283, 2321
HR17557###AVL,1219, 1296, 1557, 1636, 1893, 1973, 2231, 2280, 2283, 2321
HR17557###AVF,1219, 1296, 1557, 1636, 1893, 1973, 2231, 2280, 2283, 2321
HR17557###V1,1219, 1296, 1557, 1636, 1893, 1973, 2231, 2280, 2283, 2321
HR17557###V2,1219, 1296, 1557, 1636, 1893, 1973, 2231, 2280, 2283, 2321
HR17557###V3,1219, 1296, 1557, 1636, 1893, 1973, 2231, 2280, 2283, 2321
HR17557###V4,1219, 1296, 1557, 1636, 1893, 1973, 2231, 2280, 2283, 2321
HR17557###V5,1219, 1296, 1557, 1636, 1893, 1973, 2231, 2280, 2283, 2321
HR17557###V6,1219, 1296, 1557, 1636, 1893, 1973, 2231, 2280, 2283, 2321
A0186###I,1374, 1469, 1678, 1761, 1917, 2029
A0186###II,1374, 1469, 1678, 1761, 1917, 2029
A0186###III,1374, 1469, 1678, 1761, 1917, 2029
A0186###AVR,1374, 1469, 1678, 1761, 1917, 2029
A0186###AVL,1374, 1469, 1678, 1761, 1917, 2029
A0186###AVF,1374, 1469, 1678, 1761, 1917, 2029
A0186###V1,1374, 1469, 1678, 1761, 1917, 2029
A0186###V2,1374, 1469, 1678, 1761, 1917, 2029
A0186###V3,1374, 1469, 1678, 1761, 1917, 2029
A0186###V4,1374, 1469, 1678, 1761, 1917, 2029
A0186###V5,1374, 1469, 1678, 1761, 1917, 2029
A0186###V6,1374, 1469, 1678, 1761, 1917, 2029
Q1000###I,2600, 2677, 2902, 2953, 2957, 2987, 3411, 3507
Q1000###II,2600, 2677, 2902, 2953, 2957, 2987, 3411, 3507
Q1000###III,2600, 2677, 2902, 2953, 2957, 2987, 3411, 3507
Q1000###AVR,2600, 2677, 2902, 2953, 2957, 2987, 3411, 3507
Q1000###AVL,2600, 2677, 2902, 2953, 2957, 2987, 3411, 3507
Q1000###AVF,2600, 2677, 2902, 2953, 2957, 2987, 3411, 3507
Q1000###V1,2600, 2677, 2902, 2953, 2957, 2987, 3411, 3507
Q1000###V2,2600, 2677, 2902, 2953, 2957, 2987, 3411, 3507
Q1000###V3,2600, 2677, 2902, 2953, 2957, 2987, 3411, 3507
Q1000###V4,2600, 2677, 2902, 2953, 2957, 2987, 3411, 3507
Q1000###V5,2600, 2677, 2902, 2953, 2957, 2987, 3411, 3507
Q1000###V6,2600, 2677, 2902, 2953, 2957, 2987, 3411, 3507
Q2177###I,253, 329, 516, 582, 768, 837
Q2177###II,253, 329, 516, 582, 768, 837
Q2177###III,253, 329, 516, 582, 768, 837
Q2177###AVR,253, 329, 516, 582, 768, 837
Q2177###AVL,253, 329, 516, 582, 768, 837
Q2177###AVF,253, 329, 516, 582, 768, 837
Q2177###V1,253, 329, 516, 582, 768, 837
Q2177###V2,253, 329, 516, 582, 768, 837
Q2177###V3,253, 329, 516, 582, 768, 837
Q2177###V4,253, 329, 516, 582, 768, 837
Q2177###V5,253, 329, 516, 582, 768, 837
Q2177###V6,253, 329, 516, 582, 768, 837
Q0549###I,646, 717, 825, 897, 1005, 1084
Q0549###II,646, 717, 825, 897, 1005, 1084
Q0549###III,646, 717, 825, 897, 1005, 1084
Q0549###AVR,646, 717, 825, 897, 1005, 1084
Q0549###AVL,646, 717, 825, 897, 1005, 1084
Q0549###AVF,646, 717, 825, 897, 1005, 1084
Q0549###V1,646, 717, 825, 897, 1005, 1084
Q0549###V2,646, 717, 825, 897, 1005, 1084
Q0549###V3,646, 717, 825, 897, 1005, 1084
Q0549###V4,646, 717, 825, 897, 1005, 1084
Q0549###V5,646, 717, 825, 897, 1005, 1084
Q0549###V6,646, 717, 825, 897, 1005, 1084
