[1323872]###ABLP,350,448,930,1010,1433,1503,1929,1994,2426,2494,2922,2997
[1323872]###SCD,389,474,914,1019,1415,1520,1911,2019,2409,2515,2905,3012
[1323872]###SC3,399,472,962,997,1459,1499,1957,1998,2457,2500,2951,2994
[1323872]###SC2,413,466,950,999,1446,1500,1933,1998,2437,2490,2944,2993
[1323872]###SC1,384,452,914,990,1416,1489,1914,1990,2403,2486,2915,2983
[1323872]###SCP,341,436,898,966,1402,1466,1893,1965,2394,2461,2893,2961
[15587]_revisar_juan###SC3,79,166,429,525,772,862,1115,1202,1427,1529,1698,1795,1931,2052,2346,2439,2679,2768,3019,3106,3354,3441,3690,3783,4024,4103,4227,4332,4451,4566,4701,4809,5442,5532,6257,6347
[15587]_revisar_juan###SC2,81,175,435,505,777,857,1118,1190,1407,1524,1677,1800,1933,2058,2348,2446,2682,2761,3023,3102,3357,3451,3696,3790,3981,4097,4225,4332,4455,4572,4688,4810,5444,5534,6259,6352
[15587]_revisar_juan###SC1,72,175,426,527,773,857,1126,1210,1408,1480,1675,1751,1922,2004,2350,2443,2680,2766,3011,3117,3347,3452,3707,3755,3981,4053,4229,4331,4444,4521,4701,4782,5437,5538,6246,6352
[15587]_revisar_juan###SCP,77,183,400,533,779,879,1121,1217,1395,1534,1700,1787,1913,2029,2339,2437,2685,2760,3025,3121,3345,3455,3729,3821,3965,4085,4439,4561,5426,5552,6243,6384
[15587]_revisar_juan###SCD,86,174,438,526,780,868,1121,1211,1458,1538,1725,1797,1997,2052,2354,2441,2687,2775,3027,3117,3362,3451,3702,3789,4042,4102,4282,4333,4469,4564,4696,4807,5449,5529,6264,6346
[18547]_no_decremento###SC3,207,254,575,620,933,981,1294,1340,1651,1698,2011,2057,2368,2417,2725,2772,3085,3133,3434,3482,3783,3829,4936,4999,5340,5402,5834,5899,6315,6378
[18547]_no_decremento###SC2,179,236,542,602,900,966,1262,1317,1618,1680,1976,2036,2334,2398,2693,2752,3052,3113,3406,3467,3750,3814,4932,5011,5304,5374,5824,5901,6305,6386
[18547]_no_decremento###SC1,158,222,525,589,884,973,1245,1303,1635,1693,1961,2019,2319,2399,2677,2758,3035,3099,3384,3451,3733,3799,4944,4999,5318,5379,5839,5894,6323,6372
[18547]_no_decremento###SCD,156,236,515,612,873,964,1232,1323,1596,1687,1963,2039,2308,2403,2667,2761,3031,3122,3388,3472,3722,3813,4926,5013,5361,5446,5822,5906,6309,6400
[18547]_no_decremento###SCP,177,241,549,608,903,973,1262,1321,1623,1687,1977,2036,2333,2395,2697,2765,3057,3119,3399,3461,3750,3809,4944,5004,5312,5388,5835,5903,6321,6381
[18547]_no_decremento###ABLP,304,435,681,799,1029,1150,1387,1508,1747,1868,2108,2234,2461,2582,2820,2941,3177,3298,3527,3648,3873,3994
[18547]_no_decremento###ABLD,4785,4868
[18553]_1_AV_no_captura###SCD,323,414,920,1015,1517,1609,2058,2154,3108,3168,4152,4236,4688,4777
[18553]_1_AV_no_captura###SC3,324,383,920,1008,1518,1605,2058,2145,2607,2671,3104,3167,4155,4246,4693,4785
[18553]_1_AV_no_captura###SC2,3116,3168,4175,4252,4712,4790
[18553]_1_AV_no_captura###SC1,315,405,926,999,1525,1597,2066,2152,2630,2661,3112,3166,4151,4245,4686,4779
[18553]_1_AV_no_captura###SCP,320,410,917,1010,1515,1613,2056,2144,2596,2672,3109,3166,3678,3717,4161,4249,4696,4783
[18553]_2_AV_no_decremento_low_amplitude###SCD,341,444,845,933,1338,1441,1836,1939,2339,2431,2766,2869,3646,3753,4262,4365,4768,4871
[18553]_2_AV_no_decremento_low_amplitude###SC3,337,436,837,935,1335,1434,1834,1933,2331,2430,2769,2860,3644,3736,4266,4360,4765,4864
[18553]_2_AV_no_decremento_low_amplitude###SC2,3653,3746
[18553]_2_AV_no_decremento_low_amplitude###SC1,355,424,844,929,1337,1426,1836,1924,2338,2419,2771,2850,3662,3732,4275,4351,4781,4851
[18553]_2_AV_no_decremento_low_amplitude###SCP,339,441,841,937,1343,1416,1842,1923,2336,2433,2768,2862,3649,3740,4266,4358,4774,4858
[18553]_4_AV_decremento_low_amplitude###SCD,257,349,761,853,1267,1359,2778,2874,3316,3406,3822,3907,4325,4410,4855,4940
[18553]_4_AV_decremento_low_amplitude###SC3,254,342,757,846,1261,1350,2776,2868,3305,3399,3811,3902,4315,4404,4843,4934
[18553]_4_AV_decremento_low_amplitude###SC2,2793,2876
[18553]_4_AV_decremento_low_amplitude###SC1,254,341,769,845,1267,1343,2775,2882,3313,3400,3831,3906,4327,4407,4853,4925
[18553]_4_AV_decremento_low_amplitude###SCP,253,339,765,854,1265,1352,2777,2878,3305,3403,3809,3910,4315,4406,4844,4937
[18553]_5_AV_decremento_low_amplitude###SCD,137,231,576,670,1000,1098,1402,1496,1801,1895,2204,2277,2602,2675,3000,3073,3287,3364,3522,3608,3810,3904,4456,4550,4915,5009
[18553]_5_AV_decremento_low_amplitude###SC3,145,232,570,673,992,1099,1393,1498,1792,1893,2198,2291,2596,2689,2986,3078,3283,3369,3522,3605,3802,3906,4450,4542,4911,5014
[18553]_5_AV_decremento_low_amplitude###SCP,154,242,581,675,1003,1099,1403,1491,1801,1888,2198,2292,2592,2699,2990,3062,3293,3366,3510,3601,3808,3903,4458,4560,4935,5019
[18553]_5_AV_decremento_low_amplitude###SC2,635,668,1049,1095,1451,1502,1844,1896,2241,2298,2637,2690,3027,3072,3310,3365,3544,3609,3845,3907,4463,4550,4927,5010
[18553]_5_AV_decremento_low_amplitude###VDD,264,415,699,855,1114,1274,1525,1667,1903,2029,2303,2429,2700,2860,3098,3258,3390,3519,3601,3761,3899,4074,4574,4725
[18553]_5_AV_decremento_low_amplitude###VDP,280,421,731,870,1145,1297,1537,1682,1931,2072,2320,2479,2729,2878,3136,3265,3390,3513,3635,3766,3924,4074,4593,4758
[18553]_5_AV_decremento_low_amplitude###SC1,146,222,580,659,1004,1082,1400,1480,1805,1881,2201,2279,2600,2676,2999,3076,3303,3367,3531,3612,3809,3899,4453,4546,4928,5015
[18553]_6_VA_no_decremento###SC2,2214,2270,3120,3183,3687,3750,4188,4282,4715,4777
[18553]_6_VA_no_decremento###SC1,1358,1397,1860,1894,2208,2258,3070,3178,3642,3747,4195,4268,4699,4763
[18553]_6_VA_no_decremento###SCP,343,399,834,901,1331,1398,1828,1895,2181,2252,3088,3171,3650,3751,4181,4235,4687,4747
[18553]_6_VA_no_decremento###VDP,457,585,970,1086,1453,1581,1965,2086,2351,2477,3814,3924,4292,4425,4806,4916
[18553]_6_VA_no_decremento###SCD,354,417,852,915,1350,1413,1847,1914,2197,2279,3084,3189,3647,3740,4185,4268,4687,4770
[18553]_6_VA_no_decremento###SC3,393,430,891,931,1390,1427,1879,1925,2230,2286,3077,3171,3645,3735,4210,4276,4716,4768
[18553]_7_VA_decremento###SCD,283,354,782,853,1279,1353,1568,1660,2458,2548,3016,3106,3558,3652,4090,4180,4626,4716
[18553]_7_VA_decremento###SC3,2457,2546,3015,3104,3557,3649,4089,4178,4625,4714
[18553]_7_VA_decremento###SC2,2462,2548,3020,3117,3559,3646,4093,4180,4630,4718
[18553]_7_VA_decremento###SC1,291,322,791,822,1289,1323,1584,1649,2450,2533,2996,3096,3551,3645,4088,4180,4646,4712
[18553]_7_VA_decremento###SCP,265,321,763,820,1261,1317,1559,1638,2448,2539,3016,3107,3549,3642,4084,4175,4620,4711
[18571]_2_missing_tetrapolar###SCD,197,294,689,799,1194,1314,1683,1793,1978,2098,3038,3125,3587,3678,4133,4227,4671,4768
[18571]_2_missing_tetrapolar###SC3,217,310,715,808,1213,1306,1712,1811,1999,2113,3048,3122,3631,3696,4153,4225,4689,4763
[18571]_2_missing_tetrapolar###SC2,204,290,702,788,1199,1285,1697,1788,1995,2113,3033,3118,3580,3684,4131,4232,4670,4771
[18571]_2_missing_tetrapolar###SC1,194,274,692,777,1190,1270,1689,1769,1981,2076,3026,3107,3582,3688,4143,4222,4682,4764
[18571]_2_missing_tetrapolar###SCP,183,273,681,774,1187,1261,1685,1763,1979,2072,3032,3111,3615,3680,4142,4219,4681,4760
[18571]_3_AV_bloqueo_low_amplitude_missing_tetrapolar###SCD,278,367,777,866,1273,1368,1768,1857,2268,2357,3474,3545,4054,4143,4560,4649
[18571]_3_AV_bloqueo_low_amplitude_missing_tetrapolar###SC3,272,374,772,871,1271,1362,1763,1854,2264,2355,3472,3548,4051,4140,4556,4649
[18571]_3_AV_bloqueo_low_amplitude_missing_tetrapolar###SC2,269,365,768,876,1266,1366,1762,1861,2265,2360,3472,3552,4050,4145,4556,4645
[18571]_3_AV_bloqueo_low_amplitude_missing_tetrapolar###SC1,312,363,817,862,1313,1359,1804,1854,2296,2342,3466,3542
[18571]_3_AV_bloqueo_low_amplitude_missing_tetrapolar###SCP,260,374,764,872,1255,1352,1766,1841,2249,2342,3470,3563,4031,4122,4545,4632
[18571]_3_AV_decremento_bloqueo_low_amplitude_missing_tetrapolar###SCD,204,276,802,869,1408,1480,2022,2097,2617,2695,3829,3906,4443,4520
[18571]_3_AV_decremento_bloqueo_low_amplitude_missing_tetrapolar###SC3,181,278,792,879,1398,1484,2012,2101,2609,2709,3820,3915,4461,4537
[18571]_3_AV_decremento_bloqueo_low_amplitude_missing_tetrapolar###SC2,201,276,802,874,1407,1483,2010,2098,2613,2706,3828,3907,4443,4532
[18571]_3_AV_decremento_bloqueo_low_amplitude_missing_tetrapolar###SC1,3830,3901,4444,4529
[18571]_3_AV_decremento_bloqueo_low_amplitude_missing_tetrapolar###SCP,198,268,805,878,1413,1485,2022,2090,2601,2699,3815,3919,4426,4513
[18602]_1_AV_bloqueo_2_1###SCD,288,353,903,979,1521,1589,2118,2197,2728,2804,3347,3423,4228,4304
[18602]_1_AV_bloqueo_2_1###SC3,282,366,903,985,1515,1597,2118,2200,2727,2809,3347,3429,4235,4318
[18602]_1_AV_bloqueo_2_1###SC2,290,361,911,978,1522,1593,2125,2196,2735,2806,3354,3428,4238,4310
[18602]_1_AV_bloqueo_2_1###SCP,271,363,892,984,1505,1597,2104,2204,2718,2812,3333,3434,4217,4317
[18602]_1_AV_bloqueo_2_1###SC1,960,991,1564,1597,2162,2204,2768,2814,3388,3430,4236,4319
[18602]_2_AV_decremento_solapamiento_doble_atrial###SCD,236,320,737,821,1237,1321,1742,1808,3316,3396,4262,4346,4904,4991
[18602]_2_AV_decremento_solapamiento_doble_atrial###SC3,231,318,732,819,1232,1319,1739,1809,3313,3395,4263,4344,4900,4989
[18602]_2_AV_decremento_solapamiento_doble_atrial###SC2,245,305,746,806,1245,1309,1745,1809,3316,3384,4265,4336,4915,4977
[18602]_2_AV_decremento_solapamiento_doble_atrial###SC1,3324,3400,4270,4347
[18602]_2_AV_decremento_solapamiento_doble_atrial###SCP,228,302,733,828,1229,1303,1730,1807,3308,3403,4253,4348,4892,4988
[18602]_3_AV_decremento_solapamiento###SCD,245,327,747,829,1247,1330,2531,2614,3399,3480,3924,4006,4788,4869
[18602]_3_AV_decremento_solapamiento###SC3,245,325,736,824,1237,1325,2521,2607,3398,3470,3923,4002,4787,4865
[18602]_3_AV_decremento_solapamiento###SC2,244,318,746,820,1252,1324,2531,2605,3393,3466,3926,3997,4788,4863
[18602]_3_AV_decremento_solapamiento###SC1,3395,3482,3921,4007
[18602]_3_AV_decremento_solapamiento###SCP,235,336,736,837,1238,1341,2517,2621,3379,3482,3911,4010,4772,4867
[18602]_4_AV_decremento_solapamiento_TV###SCD,180,260,628,710,1076,1155,1524,1604
[18602]_4_AV_decremento_solapamiento_TV###SC3,176,256,624,704,1072,1152,1521,1603
[18602]_4_AV_decremento_solapamiento_TV###SC2,182,255,637,705,1078,1151,1526,1598
[18602]_4_AV_decremento_solapamiento_TV###SCP,165,258,620,706,1069,1156,1511,1603
[18602]_5_VA_TV_puede###SC3,2764,2818,2985,3043,3208,3262
[18602]_5_VA_TV_puede###ABLP,1821,1899,2050,2148,2283,2363,2504,2595,2744,2814,2962,3043,3180,3254
[18602]_5_VA_TV_puede###SC2,2962,3025,3196,3242
[18602]_5_VA_TV_puede###SC1,2958,3016,3547,3613
[18602]_5_VA_TV_puede###SCP,1359,1409,1604,1641,2701,2767,2922,2988,3143,3215,3535,3582,4015,4065,4258,4304,4497,4542,4741,4798,4980,5027
[18603]_decremento###SC1,4819,4908,5355,5439,5868,5950,6386,6468
[18603]_decremento###SCP,1145,1213,1556,1626,1953,2030,2352,2425,2750,2814,3144,3220,3541,3620,3939,3996,4049,4115,4835,4903,5373,5428,5885,5942,6393,6463
[18603]_decremento###SC2,1106,1187,1511,1599,1914,1989,2307,2389,2707,2789,3092,3161,3500,3582,3897,3964,4795,4903,5319,5438,6353,6468
[18603]_decremento###SCD,1120,1198,1509,1606,1914,2001,2310,2400,2711,2789,3110,3188,3509,3587,3907,3988,4091,4164,4278,4357,4796,4889,5322,5414,5835,5927,6353,6445
[18603]_decremento###SC3,1120,1204,1509,1608,1913,2003,2312,2413,2712,2816,3111,3200,3505,3598,3899,3998,4260,4349,4813,4901,5349,5429,5859,5937,6382,6460
[18603]_decremento###ABLD,585,675,1123,1214,4817,4917,5343,5436,5862,5948,6379,6468
[18603]_decremento###ABLP,4823,4908,5353,5431,5865,5941,6383,6459
[18603]_decremento_2###SC3,428,508,835,908,1223,1309,1467,1556,1698,1787,3184,3269,3613,3706,4014,4108,4408,4494,4817,4890,5215,5291,5605,5692,5998,6087,6244,6333,6470,6562
[18603]_decremento_2###SC2,411,498,810,897,1213,1290,1693,1776,3171,3253,3602,3690,3997,4089,4395,4487,4791,4878,5195,5272,5593,5670,5987,6074,6237,6326,6464,6547
[18603]_decremento_2###SCP,402,515,792,909,1180,1281,1465,1557,1690,1794,3195,3262,3641,3746,4045,4112,4393,4505,4827,4902,5174,5308,5562,5696,5983,6094,6234,6334,6459,6564
[18603]_decremento_2###ABLD,401,521,824,927,1233,1311,1470,1573,1685,1776,2176,2264,2670,2778,3163,3279,3619,3706,4019,4100,4421,4513,4806,4909,5204,5309,5613,5697,6011,6095,6259,6337,6456,6551
[18603]_decremento_2###ABLP,410,516,813,908,1209,1310,3170,3261,4015,4108,4379,4498,4791,4900,5193,5289,5590,5692,6465,6563
[18603]_decremento_2###SCD,18,114,416,512,815,911,1215,1311,1467,1552,1697,1805,3174,3245,3608,3704,4014,4083,4399,4498,4797,4893,5196,5292,5596,5692,5993,6089,6245,6332,6469,6580
[18619]_estimulacion_CS###SCD,205,272,776,843,1342,1411,1909,1978,2427,2496,2921,3003,3420,3498,3920,3992,4412,4491,4917,4990,5417,5486,5911,5990,6255,6319,6554,6624
[18619]_estimulacion_CS###SC3,211,297,779,860,1346,1435,1915,2001,2443,2503,2940,3007,3437,3506,3939,4002,4439,4500,4934,4998,5433,5502,5935,6001,6561,6631
[18619]_estimulacion_CS###SC2,807,869,1374,1436,1941,2005,2435,2512,2923,3016,3419,3524,3919,4005,4415,4518,4920,5018,5416,5516,5914,6002,6297,6364,6547,6642
[18619]_estimulacion_CS###SC1,176,290,747,861,1314,1432,1877,1996,2396,2519,2898,3010,3393,3512,3889,4008,4390,4502,4887,5006,5389,5501,5898,6004,6305,6381,6525,6634
[18619]_estimulacion_CS###SCP,746,848,1313,1400,1889,1990,2413,2511,2912,3002,3412,3509,3915,4009,4401,4508,4902,5002,5403,5495,5900,6002,6529,6634
[18654]_no_captura###SC3,106,187,482,568,860,946,1239,1325,1619,1705,2000,2086,2389,2478,2788,2874,3208,3289,3878,3911,4268,4340,4655,4739
[18654]_no_captura###SC1,109,189,482,563,862,940,1239,1319,1625,1689,2011,2082,2403,2474,2801,2872,3189,3294,4266,4345
[18654]_no_captura###SCD,103,196,480,564,858,942,1237,1321,1617,1701,1999,2086,2387,2478,2790,2874,3213,3290,4256,4344,4652,4740
[18654]_no_captura###SCP,2438,2543,2817,2932,3184,3325,3551,3656
[18654]_no_decremento###SC3,412,493,824,911,1248,1336,1753,1834,2250,2331,2747,2828,3244,3325,3742,3823,4240,4332,4740,4832,4992,5093,6308,6392
[18654]_no_decremento###SC2,399,484,812,906,1244,1328,1748,1827,2244,2323,2747,2816,3245,3314,3742,3826,4241,4310,4740,4814,4986,5086,6319,6401
[18654]_no_decremento###SC1,387,494,793,889,1230,1315,1744,1816,2240,2308,2725,2810,3223,3308,3721,3806,4219,4304,4718,4807,4987,5081,6291,6393
[18654]_no_decremento###SCD,437,482,879,939,1306,1373,1808,1876,2308,2371,2801,2869,3299,3362,3796,3862,4294,4362,4793,4864,5021,5124,6323,6386
[18654]_no_decremento###SCP,398,489,811,877,1233,1294,1726,1795,2228,2292,2726,2798,3227,3298,3721,3792,4220,4299,4725,4809,4992,5075,6298,6386
[19036]###SCD,881,931,1795,1850,6404,6458
[19036]###SC3,868,941,1783,1858,6376,6471
[19036]###SC2,868,951,1791,1876,3699,3747,4296,4344,6424,6475
[19036]###SC1,914,955,1828,1878,6399,6467
[19036]###SCP,888,964,1812,1884,6395,6454
[19036]_2###SCD,288,341,886,939,1482,1535,2081,2134,2678,2733,2951,3020,3268,3327,3517,3582,4486,4563,5369,5448,6242,6319
[19036]_2###SC3,292,359,890,955,1486,1556,2084,2154,2682,2752,2966,3035,3272,3345,3525,3597,4483,4572,5367,5456,6240,6329
[19036]_2###SC2,292,342,891,940,1484,1533,2082,2131,2680,2734,2974,3034,3266,3359,3540,3595,4495,4574,5378,5458,6251,6333
[19036]_2###SC1,2952,3027,3290,3351,3519,3586,4515,4582,5406,5462,6270,6336
[19036]_2###SCP,2946,3021,3275,3339,3511,3590,4496,4579,5388,5465,6262,6336
[19036]_3###SC1,455,503,780,850,1254,1285,1460,1535,1845,1905,2449,2481,3044,3075,3640,3670,4238,4266,4836,4867,5075,5135,6326,6368
[19036]_3###SCD,419,472,780,858,1231,1285,1465,1539,1827,1887,2428,2482,3028,3086,3626,3684,4223,4281,4822,4876,5062,5127,6295,6346
[19036]_3###SC3,406,482,798,854,1236,1300,1472,1541,1829,1910,2430,2500,3029,3096,3633,3690,4223,4290,4820,4884,5067,5145,6281,6354
[19036]_3###SC2,411,486,783,878,1243,1285,1480,1545,1850,1909,2442,2480,3028,3074,3622,3669,4222,4265,4839,4873,5088,5145,6288,6366
[19036]_3###SCP,427,509,770,837,1241,1266,1456,1527,1832,1891,2435,2462,3033,3057,3626,3653,4229,4253,4824,4848,5060,5126,6283,6370
[19037]_decremento###SCD,861,957,1270,1371,1673,1775,2074,2167,2470,2566,2867,2963,3264,3364,3664,3737,4034,4131,4470,4567,5172,5210,5757,5790,6322,6361
[19037]_decremento###SC3,851,967,1280,1371,1658,1762,2093,2150,2464,2551,2858,2951,3256,3352,3656,3740,4047,4107,4481,4575,5181,5218,5747,5790,6313,6367
[19037]_decremento###SC2,347,391,859,963,1272,1362,1675,1767,2067,2175,2469,2573,2867,2971,3267,3368,3663,3733,4021,4124,4477,4567,5175,5216,5754,5804,6321,6368
[19037]_decremento###SC1,917,956,1329,1375,1730,1771,2125,2165,2525,2567,2924,2960,3321,3357,3716,3741,4484,4563,5179,5213,5763,5796,6325,6361
[19037]_decremento###SCP,836,953,1253,1367,1655,1767,2050,2168,2449,2561,2843,2993,3237,3387,3643,3737,4017,4117,4457,4574,5162,5212,5744,5795,6296,6370
[19037]_sinusal###SCD,431,537,1071,1173,1703,1805,2331,2429,2947,3049,3567,3669,4187,4289,4813,4915,5441,5543,6074,6176
[19037]_sinusal###SC3,444,537,1085,1175,1716,1806,2339,2429,2959,3049,3580,3670,4200,4290,4825,4915,5453,5543,6087,6177
[19037]_sinusal###SC2,434,528,1075,1171,1707,1801,2328,2422,2950,3044,3570,3664,4190,4284,4814,4908,5443,5537,6077,6171
[19037]_sinusal###SC1,454,531,1094,1170,1717,1813,2345,2437,2971,3047,3590,3666,4200,4282,4827,4921,5461,5551,6100,6168
[19037]_sinusal###SCP,415,531,1059,1161,1691,1793,2310,2424,2935,3039,3555,3657,4174,4276,4796,4908,5424,5536,6057,6169
[19055]_1_incr_pace_VA###SCD,173,266,560,660,990,1070,1337,1428,1687,1789,2041,2140,2410,2494,2762,2845,3110,3194,3460,3543,3807,3890,4135,4234,4875,4952,5577,5654,6282,6359
[19055]_1_incr_pace_VA###SC3,1000,1063,1358,1418,1716,1776,2070,2130,2424,2484,2775,2835,3124,3187,3473,3533,3820,3880,4139,4220,4869,4948,5570,5650,6275,6354
[19055]_1_incr_pace_VA###SC2,4139,4239,4862,4955,5564,5654,6268,6364
[19055]_1_incr_pace_VA###SC1,981,1077,1337,1440,1695,1791,2048,2144,2405,2498,2753,2842,3102,3198,3454,3550,3798,3890,4145,4246,4866,4970,5567,5668,6271,6372
[19055]_1_incr_pace_VA###SCP,1363,1440,2075,2152,2430,2507,2781,2858,3131,3208,3479,3560,3825,3902,4158,4250,4879,4963,5579,5669,6283,6371
[19055]_2_VA###SC3,197,252,906,961,2110,2178,2705,2773,3302,3374,3899,3967,4500,4571,5092,5166,5345,5430,6572,6630
[19055]_2_VA###SC2,169,260,2087,2174,2683,2770,3279,3366,3877,3964,4476,4563,5074,5161,5331,5423,6546,6640
[19055]_2_VA###SC1,197,267,2090,2168,2676,2754,3273,3351,3871,3949,4472,4550,5071,5154,5335,5418,6574,6647
[19055]_2_VA###SCP,189,278,1323,1379,2082,2141,2657,2746,3272,3335,3874,3933,4476,4539,5071,5131,5308,5402,6563,6652
[19055]_2_VA###SCD,2087,2185,2682,2778,3279,3375,3877,3976,4475,4571,5081,5176
[19055]_3_AV###SC2,234,324,905,972,1415,1480,1920,1975,2425,2485,2914,2981,3413,3478,3903,3970,4409,4468,4727,4808,5400,5482,6042,6121,6659,6702
[19055]_3_AV###SCD,232,311,874,952,1381,1462,1888,1961,2390,2463,2888,2961,3387,3462,3882,3960,4380,4461,4720,4793,5398,5470,6025,6105,6603,6683
[19055]_3_AV###SC3,236,322,878,961,1382,1469,1890,1973,2385,2466,2884,2967,3382,3469,3887,3968,4378,4463,4713,4805,5396,5478,6032,6113,6603,6690
[19055]_3_AV###SC1,245,346,902,980,1393,1485,1891,1991,2393,2496,2891,2991,3390,3493,3891,3983,4717,4812,5417,5494,6052,6129,6630,6707
[19055]_3_AV###SCP,252,335,892,975,1405,1487,1906,1991,2423,2485,2921,2984,3407,3489,3897,3978,5405,5497,6051,6136,6624,6713
[19055]_decremento###SCD,430,512,936,1018,1434,1516,1933,2015,2428,2510,2924,3008,3430,3482,3771,3820,4034,4117,4676,4743,5358,5440,5990,6072,6520,6602,7027,7109,7533,7605,8033,8104,8525,8607,9024,9106,9525,9583,9858,9922,10216,10301,10530,10613,10854,10937,11487,11570,12147,12230,12777,12863,13399,13481
[19055]_decremento###SC3,428,508,934,1013,1434,1515,1931,2016,2427,2512,2922,3010,3422,3487,3782,3820,4030,4109,4696,4742,5355,5434,5987,6072,6520,6598,7028,7107,7527,7604,8026,8104,8523,8603,9022,9107,9522,9584,9888,9919,10213,10266,10523,10589,10851,10910,11494,11536,12148,12193,12772,12822,13399,13445
[19055]_decremento###SC1,450,533,941,1035,1440,1552,1933,2036,2431,2527,2927,3026,4026,4126,5383,5475,5990,6090,6520,6635,7032,7142,7532,7623,8032,8123,8531,8622,9025,9125
[19055]_decremento###SC2,455,525,960,1026,1453,1527,1950,2029,2450,2515,2950,3015,3437,3490,4031,4117,4712,4751,5370,5452,6029,6082,6551,6612,7056,7119,7555,7615,8052,8115,8548,8614,9054,9109,9548,9584,10211,10253,10523,10581,10855,10907,11489,11533,12155,12187,12781,12819
[19055]_decremento###SCP,443,529,957,1032,1447,1533,1944,2030,2439,2525,2935,3024,4038,4112,4708,4763,5385,5457,6005,6082,6532,6618,7061,7123,7547,7623,9036,9122,13453,13488
[18553]_3_AV_decremento_low_amplitude###SCD,355,443,1353,1449,1856,1956,2594,2689,3063,3157,3660,3752,4255,4350,4760,4858
[18553]_3_AV_decremento_low_amplitude###SC3,358,448,857,946,1359,1450,1861,1955,2600,2694,3067,3157,3664,3757,4260,4349,4765,4858
[18553]_3_AV_decremento_low_amplitude###SC2,0,93,490,587,984,1069,1390,1453,1891,1950,2612,2695,3096,3170,3694,3769,4285,4356,4790,4865
[18553]_3_AV_decremento_low_amplitude###SC1,352,437,851,932,1357,1436,1859,1939,2620,2702,3079,3147,3666,3764,4249,4335,4759,4841
[18553]_3_AV_decremento_low_amplitude###SCP,1349,1447,1856,1952,2594,2695,3055,3158,3650,3754,4255,4350,4759,4849
[18602]_5_AV_decremento_solapamiento###SC3,241,315,672,746,1100,1177,1527,1601,1823,1899,3178,3254,3688,3766,4172,4248,4655,4731
[18602]_5_AV_decremento_solapamiento###SC2,246,308,1105,1170,1532,1594,1827,1889,3180,3251,3687,3761,4172,4245,4662,4731
[18602]_5_AV_decremento_solapamiento###SC1,2502,2533,3699,3765,4184,4248,4666,4730
[18602]_5_AV_decremento_solapamiento###SCP,229,328,658,757,1087,1186,1515,1614,1819,1878,2490,2530,3164,3263,3672,3771,4155,4254,4639,4739
[18602]_5_AV_decremento_solapamiento###SCD,244,310,670,748,1103,1169,1530,1599,1830,1894,3177,3255,3686,3764,4171,4252,4654,4732
[19075]_1_pacing_AV###SCD,310,396,723,812,1131,1219,1521,1613,1909,1997,2297,2383,2682,2768,3340,3422,3736,3825,4655,4738
[19075]_1_pacing_AV###SC3,304,386,715,797,1118,1200,1513,1595,1902,1985,2290,2375,2675,2758,3320,3402,3727,3816,4635,4720
[19075]_1_pacing_AV###SC2,307,394,718,805,1122,1210,1517,1602,1910,1994,2297,2378,2683,2764,3322,3411,3734,3819,4638,4728
[19075]_1_pacing_AV###SC1,321,401,735,815,1140,1226,1521,1623,1912,2010,2304,2390,2692,2773,3339,3424,3721,3827,4650,4736
[19075]_1_pacing_AV###SCP,313,405,724,816,1132,1213,1527,1608,1911,2003,2303,2384,2689,2774,3317,3422,3733,3829,4631,4739
[19133]_2_VA_no_captura###SCD,158,255,720,818,1283,1379,1857,1953,2454,2550,2821,2906,3709,3808,4322,4418,4921,5019
[19133]_2_VA_no_captura###SC3,163,254,725,816,1287,1377,1860,1951,2456,2547,2841,2909,3712,3798,4334,4418,4927,5018
[19133]_2_VA_no_captura###SC2,168,255,730,817,1291,1378,1864,1951,2462,2551,2817,2901,3730,3809,4334,4421,4936,5021
[19133]_2_VA_no_captura###SC1,177,257,726,812,1295,1380,1862,1950,2449,2541,2808,2887,3722,3803,4327,4415,4928,5020
[19133]_2_VA_no_captura###SCP,154,245,718,804,1276,1375,1847,1946,2430,2541,2768,2867,3694,3820,4308,4418,4913,5007
[19152]_1_VA_decremento###SCD,197,233,786,828,1392,1431,1697,1735,3467,3550,4133,4217,4659,4710
[19152]_1_VA_decremento###SC3,181,262,776,862,1389,1471,1680,1769,3461,3552,4133,4225,4656,4749
[19152]_1_VA_decremento###SC2,181,245,786,855,1385,1459,1696,1772,3460,3554,4120,4222,4665,4732
[19152]_1_VA_decremento###SC1,193,233,801,841,1399,1439,1682,1769,4673,4713
[19152]_1_VA_decremento###SCP,162,233,765,840,1092,1230,1373,1438,1678,1728,1749,1804,1938,1986,2395,2476,3249,3381,3543,3726,4647,4713
[19164]_5_AV_decremento_solapamiento###SCD,206,318,710,813,1201,1316,1698,1812,2946,3056,3546,3651,4070,4176,4582,4693
[19164]_5_AV_decremento_solapamiento###SC3,198,301,707,811,1194,1304,1691,1794,2940,3042,3537,3646,4062,4160,4579,4677
[19164]_5_AV_decremento_solapamiento###SC2,2933,3025,3541,3641
[19164]_5_AV_decremento_solapamiento###SC1,208,274,715,782,1207,1288,1709,1776,2946,3025,3550,3625,3957,3995,4078,4138,4465,4491,4588,4662
[19164]_5_AV_decremento_solapamiento###SCP,211,305,717,784,1217,1287,1709,1789,1853,1921,2948,3044,3415,3484,3561,3643,4083,4165,4603,4687
[19183]_4_AV_solapado###SC2,295,386,798,896,1298,1392,3254,3344,3834,3944,4355,4445,4853,4942
[19183]_4_AV_solapado###SC1,295,424,796,903,1293,1401,3248,3339,3862,3973,4349,4478,4857,4952
[19183]_4_AV_solapado###SCP,299,414,787,903,1276,1392,3241,3376,3838,3982,4341,4462,4818,4960
[19183]_4_AV_solapado###VDP,463,611,959,1109,1472,1609,1950,2080,2269,2399,3445,3607,4016,4186,4425,4503,4522,4660
[19183]_4_AV_solapado###SCD,277,388,777,892,1287,1379,1668,1738,1787,1839,1896,1987,2165,2222,3242,3357,3838,3956,4301,4454,4800,4951
[19183]_4_AV_solapado###SC3,3250,3353
[19186]_9_AV_decremento###SC2,261,366,705,799,1151,1254,1494,1600,2061,2155,2509,2603,2960,3054,3410,3451,3893,3990
[19186]_9_AV_decremento###SC1,272,351,701,792,1154,1247,1494,1595,2066,2147,2509,2596,2960,3047,3893,3983
[19186]_9_AV_decremento###SCD,259,355,697,794,1149,1245,2054,2150,2499,2595,2951,3047,3406,3451,3887,3980
[19186]_9_AV_decremento###SC3,263,361,701,801,1151,1249,1507,1597,2053,2153,2501,2599,2953,3051,3888,3986
[19186]_9_AV_decremento###SCP,304,373,751,808,1204,1266,2106,2163,2546,2611,2987,3070,3925,4006
[19237]_4_AV_decremento_ablacion###SCD,256,368,763,862,1261,1359,1603,1704,2131,2227,2703,2799,3297,3393,3802,3900,4293,4401,4792,4897
[19237]_4_AV_decremento_ablacion###SC3,287,375,786,859,1283,1351,1615,1701,2127,2241,2732,2812,3318,3394,3813,3900,4324,4404,4825,4897
[19237]_4_AV_decremento_ablacion###SC2,266,364,765,864,1259,1367,1603,1704,2123,2231,2696,2802,3292,3398,3803,3899,4299,4405,4800,4896
[19237]_4_AV_decremento_ablacion###SC1,259,341,758,840,1256,1339,1604,1682,2122,2212,2695,2787,3289,3371,3793,3883,4290,4381,4789,4879
[19308]_1_no_decremental_VA###SCD,393,465,1065,1136,1665,1734,2260,2333,2857,2929,3460,3527,4052,4125,4654,4721,5252,5321,5523,5594,6362,6434
[19308]_1_no_decremental_VA###SC3,386,465,2253,2337,2852,2937,3449,3532,4046,4135,4644,4733,5242,5333,5520,5609,6355,6436
[19308]_1_no_decremental_VA###SC2,392,474,1099,1158,1728,1761,2292,2342,2886,2945,3484,3545,4082,4142,4678,4740,5276,5336,5510,5596,6344,6440
[19308]_1_no_decremental_VA###SC1,402,479,2306,2334,2899,2930,3487,3532,4081,4142,4691,4740,5290,5333,5517,5606,6370,6451
[19308]_1_no_decremental_VA###SCP,388,474,1091,1161,1714,1756,4074,4149,4678,4751,5269,5344,5536,5609,6349,6448
